-- phpMyAdmin SQL Dump
-- version 4.8.3
-- https://www.phpmyadmin.net/
--
-- Host: 127.0.0.1
-- Generation Time: 02-Dez-2018 às 23:05
-- Versão do servidor: 10.1.37-MariaDB
-- versão do PHP: 7.1.24

SET SQL_MODE = "NO_AUTO_VALUE_ON_ZERO";
SET AUTOCOMMIT = 0;
START TRANSACTION;
SET time_zone = "+00:00";


/*!40101 SET @OLD_CHARACTER_SET_CLIENT=@@CHARACTER_SET_CLIENT */;
/*!40101 SET @OLD_CHARACTER_SET_RESULTS=@@CHARACTER_SET_RESULTS */;
/*!40101 SET @OLD_COLLATION_CONNECTION=@@COLLATION_CONNECTION */;
/*!40101 SET NAMES utf8mb4 */;

--
-- Database: `warehouse`
--

-- --------------------------------------------------------

--
-- Estrutura da tabela `cliente`
--

CREATE TABLE `cliente` (
  `id_cliente` int(11) NOT NULL,
  `id_referencia_comercial` int(11) NOT NULL,
  `limite_de_credito` decimal(10,2) NOT NULL,
  `id_pessoa` int(11) NOT NULL,
  `id_endereco` int(11) NOT NULL,
  `divida` decimal(10,2) NOT NULL
) ENGINE=InnoDB DEFAULT CHARSET=latin1;

--
-- Extraindo dados da tabela `cliente`
--

INSERT INTO `cliente` (`id_cliente`, `id_referencia_comercial`, `limite_de_credito`, `id_pessoa`, `id_endereco`, `divida`) VALUES
(1, 1, '4324219.00', 2, 2, '15.00'),
(2, 2, '0.00', 3, 3, '0.00'),
(3, 3, '0.00', 4, 4, '0.00'),
(4, 4, '4324234.00', 5, 5, '0.00'),
(5, 5, '1000.00', 6, 6, '0.00'),
(6, 6, '100.00', 7, 7, '0.00'),
(7, 21, '0.00', 39, 45, '0.00'),
(8, 35, '0.00', 46, 46, '0.00'),
(9, 16, '0.00', 53, 19, '0.00'),
(10, 13, '0.00', 78, 17, '0.00'),
(11, 93, '0.00', 5, 44, '0.00'),
(12, 1, '0.00', 34, 53, '0.00'),
(13, 76, '0.00', 32, 56, '0.00'),
(14, 63, '0.00', 100, 22, '0.00'),
(15, 98, '0.00', 20, 4, '0.00'),
(16, 25, '0.00', 47, 83, '0.00'),
(17, 16, '0.00', 13, 62, '0.00'),
(18, 39, '0.00', 6, 41, '0.00'),
(19, 18, '0.00', 1, 91, '0.00'),
(20, 78, '0.00', 60, 60, '0.00'),
(21, 13, '0.00', 47, 89, '0.00'),
(22, 87, '0.00', 42, 42, '0.00'),
(23, 5, '0.00', 82, 98, '0.00'),
(24, 70, '0.00', 78, 57, '0.00'),
(25, 24, '0.00', 25, 53, '0.00'),
(26, 99, '0.00', 42, 6, '0.00'),
(27, 44, '0.00', 82, 75, '0.00'),
(28, 26, '0.00', 59, 56, '0.00'),
(29, 49, '0.00', 11, 85, '0.00'),
(30, 8, '0.00', 93, 34, '0.00'),
(31, 25, '0.00', 52, 88, '0.00'),
(32, 23, '0.00', 96, 43, '0.00'),
(33, 87, '0.00', 82, 64, '0.00'),
(34, 38, '0.00', 42, 75, '0.00'),
(35, 92, '0.00', 51, 83, '0.00'),
(36, 98, '0.00', 34, 72, '0.00'),
(37, 67, '0.00', 81, 15, '0.00'),
(38, 6, '0.00', 13, 8, '0.00'),
(39, 9, '0.00', 40, 22, '0.00'),
(40, 88, '0.00', 26, 95, '0.00'),
(41, 24, '0.00', 37, 27, '0.00'),
(42, 33, '0.00', 99, 83, '0.00'),
(43, 3, '0.00', 64, 14, '0.00'),
(44, 95, '0.00', 46, 78, '0.00'),
(45, 73, '0.00', 90, 84, '0.00'),
(46, 35, '0.00', 72, 25, '0.00'),
(47, 82, '0.00', 33, 95, '0.00'),
(48, 78, '0.00', 56, 85, '0.00'),
(49, 94, '0.00', 41, 22, '0.00'),
(50, 29, '0.00', 41, 34, '0.00'),
(51, 70, '0.00', 70, 81, '0.00'),
(52, 52, '0.00', 32, 51, '0.00'),
(53, 68, '0.00', 20, 18, '0.00'),
(54, 99, '0.00', 28, 48, '0.00'),
(55, 57, '0.00', 3, 80, '0.00'),
(56, 45, '0.00', 68, 32, '0.00'),
(57, 56, '0.00', 14, 72, '0.00'),
(58, 58, '0.00', 9, 54, '0.00'),
(59, 99, '0.00', 64, 49, '0.00'),
(60, 27, '0.00', 19, 64, '0.00'),
(61, 93, '0.00', 30, 81, '0.00'),
(62, 4, '0.00', 57, 65, '0.00'),
(63, 73, '0.00', 47, 25, '0.00'),
(64, 84, '0.00', 37, 8, '0.00'),
(65, 57, '0.00', 38, 97, '0.00'),
(66, 9, '0.00', 61, 48, '0.00'),
(67, 39, '0.00', 43, 94, '0.00'),
(68, 45, '0.00', 11, 80, '0.00'),
(69, 49, '0.00', 59, 50, '0.00'),
(70, 70, '0.00', 94, 63, '0.00'),
(71, 38, '0.00', 48, 60, '0.00'),
(72, 43, '0.00', 26, 22, '0.00'),
(73, 56, '0.00', 98, 52, '0.00'),
(74, 58, '0.00', 17, 80, '0.00'),
(75, 38, '0.00', 79, 60, '0.00'),
(76, 37, '0.00', 72, 1, '0.00'),
(77, 52, '0.00', 77, 96, '0.00'),
(78, 45, '0.00', 77, 94, '0.00'),
(79, 54, '0.00', 67, 85, '0.00'),
(80, 62, '0.00', 81, 9, '0.00'),
(81, 57, '0.00', 79, 14, '0.00'),
(82, 75, '0.00', 19, 7, '0.00'),
(83, 13, '0.00', 78, 87, '0.00'),
(84, 53, '0.00', 37, 53, '0.00'),
(85, 72, '0.00', 34, 36, '0.00'),
(86, 36, '0.00', 100, 27, '0.00'),
(87, 47, '0.00', 98, 64, '0.00'),
(88, 33, '0.00', 46, 53, '0.00'),
(89, 14, '0.00', 18, 14, '0.00'),
(90, 11, '0.00', 77, 80, '0.00'),
(91, 56, '0.00', 35, 94, '0.00'),
(92, 7, '0.00', 50, 83, '0.00'),
(93, 29, '0.00', 86, 35, '0.00'),
(94, 27, '0.00', 27, 40, '0.00'),
(95, 41, '0.00', 83, 78, '0.00'),
(96, 83, '0.00', 78, 63, '0.00'),
(97, 50, '0.00', 41, 78, '0.00'),
(98, 49, '0.00', 29, 73, '0.00'),
(99, 49, '0.00', 66, 39, '0.00'),
(100, 64, '0.00', 7, 59, '0.00'),
(101, 58, '0.00', 20, 70, '0.00'),
(102, 66, '0.00', 82, 30, '0.00'),
(103, 61, '0.00', 54, 65, '0.00'),
(104, 67, '0.00', 77, 38, '0.00'),
(105, 16, '0.00', 51, 82, '0.00'),
(106, 22, '0.00', 80, 64, '0.00');

-- --------------------------------------------------------

--
-- Estrutura da tabela `compra`
--

CREATE TABLE `compra` (
  `id_compra` int(11) NOT NULL,
  `cnpj` varchar(17) NOT NULL,
  `tipo` varchar(100) NOT NULL,
  `data_horario` date NOT NULL,
  `valor_total` decimal(10,2) NOT NULL
) ENGINE=InnoDB DEFAULT CHARSET=latin1;

--
-- Extraindo dados da tabela `compra`
--

INSERT INTO `compra` (`id_compra`, `cnpj`, `tipo`, `data_horario`, `valor_total`) VALUES
(42, '13677283086710', 'Nulla', '2018-12-01', '2.37');

-- --------------------------------------------------------

--
-- Estrutura da tabela `emprestimo`
--

CREATE TABLE `emprestimo` (
  `id_emprestimo` int(11) NOT NULL,
  `id_endereco` int(11) NOT NULL,
  `vasilhame` tinyint(1) NOT NULL,
  `devolucao` tinyint(1) NOT NULL,
  `data_devolucao` date DEFAULT NULL,
  `data_a_devolver` date DEFAULT NULL,
  `id_cliente` int(11) NOT NULL
) ENGINE=InnoDB DEFAULT CHARSET=latin1;

--
-- Extraindo dados da tabela `emprestimo`
--

INSERT INTO `emprestimo` (`id_emprestimo`, `id_endereco`, `vasilhame`, `devolucao`, `data_devolucao`, `data_a_devolver`, `id_cliente`) VALUES
(1, 2, 12, 12, '2018-12-13', '2018-11-20', 1),
(2, 5, 12, 0, '2018-12-29', '2018-12-22', 3),
(3, 3, 1, 0, '2018-12-08', '2018-12-29', 4),
(4, 71, 13, 19, '2018-10-02', '2018-08-30', 47),
(5, 75, 9, 11, '2018-02-05', '2019-01-27', 98),
(6, 55, 8, 13, '2018-09-12', '2019-11-03', 24),
(7, 66, 2, 4, '2018-11-04', '2019-06-22', 25),
(8, 30, 1, 6, '2019-05-26', '2019-01-15', 37),
(9, 23, 8, 5, '2018-01-24', '2017-12-14', 28),
(10, 96, 1, 4, '2017-12-02', '2019-05-09', 75),
(11, 32, 17, 7, '2018-11-07', '2018-03-12', 43),
(12, 53, 16, 10, '2019-07-20', '2019-06-05', 28),
(13, 21, 19, 7, '2019-01-08', '2018-01-14', 11),
(14, 79, 3, 8, '2018-04-18', '2019-07-12', 66),
(15, 89, 15, 5, '2019-08-16', '2018-06-07', 99),
(16, 24, 14, 12, '2019-10-28', '2018-12-14', 100),
(17, 15, 11, 3, '2018-10-26', '2018-06-10', 7),
(18, 12, 10, 6, '2019-07-06', '2018-08-15', 19),
(19, 56, 3, 9, '2018-12-20', '2018-07-03', 32),
(20, 13, 6, 13, '2019-10-30', '2019-06-21', 63),
(21, 75, 3, 18, '2018-09-28', '2018-02-02', 30),
(22, 86, 17, 8, '2018-04-11', '2018-07-08', 98),
(23, 36, 3, 15, '2017-12-24', '2019-08-21', 71),
(24, 64, 16, 19, '2018-05-23', '2018-12-28', 26),
(25, 29, 11, 7, '2019-08-21', '2019-03-03', 87),
(26, 52, 4, 8, '2019-11-10', '2018-04-07', 61),
(27, 59, 13, 13, '2019-09-25', '2018-07-26', 47),
(28, 91, 5, 1, '2019-10-12', '2018-04-29', 51),
(29, 74, 10, 5, '2019-06-16', '2018-10-22', 41),
(30, 9, 20, 12, '2019-01-15', '2018-02-22', 68),
(31, 8, 8, 7, '2018-01-11', '2018-11-09', 50),
(32, 1, 17, 2, '2018-03-05', '2019-08-07', 12),
(33, 25, 19, 20, '2018-06-07', '2019-08-22', 75),
(34, 41, 1, 4, '2018-11-09', '2018-03-29', 6),
(35, 99, 17, 11, '2018-04-06', '2019-09-26', 18),
(36, 10, 18, 17, '2018-07-12', '2018-09-20', 29),
(37, 69, 11, 17, '2019-05-19', '2019-03-21', 8),
(38, 91, 3, 18, '2019-08-16', '2017-12-27', 46),
(39, 15, 1, 9, '2018-02-26', '2018-12-24', 13),
(40, 94, 1, 17, '2018-10-20', '2019-10-20', 57),
(41, 9, 19, 13, '2018-02-27', '2018-08-27', 52),
(42, 18, 12, 3, '2018-06-15', '2019-06-22', 87),
(43, 21, 10, 18, '2019-10-15', '2018-02-08', 28),
(44, 85, 13, 14, '2018-12-26', '2019-10-11', 11),
(45, 48, 7, 8, '2019-10-31', '2019-03-22', 17),
(46, 22, 13, 13, '2019-02-05', '2017-12-20', 55),
(47, 13, 18, 11, '2018-06-20', '2019-02-10', 19),
(48, 99, 20, 3, '2018-04-04', '2019-01-27', 65),
(49, 18, 4, 13, '2018-11-21', '2018-10-05', 25),
(50, 57, 12, 1, '2019-10-14', '2018-03-26', 80),
(51, 62, 2, 12, '2019-07-17', '2018-11-07', 37),
(52, 82, 10, 9, '2019-03-03', '2019-07-31', 80),
(53, 82, 12, 8, '2018-05-11', '2019-06-20', 89),
(54, 47, 7, 11, '2018-05-07', '2019-03-12', 2),
(55, 32, 17, 20, '2018-08-05', '2019-02-25', 71),
(56, 37, 14, 15, '2018-01-30', '2017-12-21', 27),
(57, 63, 6, 7, '2018-10-03', '2017-12-26', 89),
(58, 8, 20, 15, '2018-08-16', '2019-04-15', 26),
(59, 64, 17, 6, '2018-09-29', '2018-01-01', 1),
(60, 97, 10, 2, '2018-06-02', '2018-03-06', 54),
(61, 27, 8, 3, '2018-05-01', '2018-06-09', 17),
(62, 82, 18, 14, '2019-07-03', '2019-08-04', 17),
(63, 34, 15, 15, '2019-07-30', '2019-09-12', 9),
(64, 8, 2, 14, '2018-05-23', '2018-02-25', 46),
(65, 39, 7, 2, '2019-10-24', '2017-12-23', 25),
(66, 81, 13, 1, '2019-04-30', '2019-04-22', 90),
(67, 9, 20, 10, '2019-08-18', '2018-12-25', 29),
(68, 44, 8, 5, '2019-01-02', '2019-01-05', 25),
(69, 78, 18, 15, '2018-03-23', '2018-03-22', 92),
(70, 52, 4, 3, '2019-03-20', '2018-06-16', 83),
(71, 27, 1, 12, '2018-08-07', '2018-02-21', 12),
(72, 28, 6, 18, '2018-06-28', '2019-06-30', 34),
(73, 84, 5, 18, '2019-01-13', '2018-08-06', 76),
(74, 15, 19, 11, '2018-01-06', '2018-07-26', 74),
(75, 94, 4, 17, '2018-09-30', '2018-12-29', 82),
(76, 78, 6, 5, '2019-07-12', '2019-10-27', 30),
(77, 6, 10, 19, '2019-08-13', '2019-03-08', 49),
(78, 65, 18, 10, '2017-12-07', '2019-10-02', 53),
(79, 34, 5, 4, '2018-06-20', '2018-10-09', 26),
(80, 92, 16, 6, '2019-01-09', '2019-02-25', 50),
(81, 87, 5, 1, '2018-09-30', '2018-02-18', 72),
(82, 40, 20, 5, '2018-06-02', '2018-01-08', 40),
(83, 52, 19, 6, '2019-07-01', '2019-05-18', 38),
(84, 23, 6, 9, '2017-12-31', '2017-12-25', 51),
(85, 48, 19, 12, '2019-01-08', '2018-07-26', 62),
(86, 8, 11, 4, '2018-08-20', '2019-04-11', 53),
(87, 34, 13, 13, '2018-07-13', '2019-09-13', 61),
(88, 15, 12, 8, '2019-06-25', '2019-07-21', 63),
(89, 71, 2, 10, '2018-07-02', '2019-02-21', 97),
(90, 2, 12, 9, '2019-11-20', '2019-05-11', 69),
(91, 73, 11, 14, '2019-08-25', '2018-04-06', 69),
(92, 93, 17, 19, '2019-06-06', '2018-05-11', 31),
(93, 40, 5, 20, '2018-08-11', '2019-03-14', 34),
(94, 13, 16, 6, '2019-08-01', '2019-08-28', 44),
(95, 39, 5, 16, '2018-04-04', '2017-12-06', 58),
(96, 21, 1, 14, '2018-02-19', '2019-01-13', 69),
(97, 55, 1, 8, '2018-04-14', '2018-12-27', 12),
(98, 38, 7, 1, '2019-06-15', '2019-05-02', 97),
(99, 19, 15, 18, '2018-06-04', '2019-09-14', 85),
(100, 92, 13, 8, '2019-10-20', '2019-09-30', 16),
(101, 81, 15, 7, '2019-02-15', '2019-03-14', 34),
(102, 94, 7, 14, '2018-03-15', '2018-12-16', 68),
(103, 93, 7, 11, '2019-04-12', '2018-08-11', 74);

-- --------------------------------------------------------

--
-- Estrutura da tabela `endereco`
--

CREATE TABLE `endereco` (
  `id_endereco` int(11) NOT NULL,
  `rua` varchar(200) NOT NULL,
  `numero` varchar(10) NOT NULL,
  `bairro` varchar(200) NOT NULL,
  `cidade` varchar(200) NOT NULL,
  `estado` char(2) NOT NULL
) ENGINE=InnoDB DEFAULT CHARSET=latin1;

--
-- Extraindo dados da tabela `endereco`
--

INSERT INTO `endereco` (`id_endereco`, `rua`, `numero`, `bairro`, `cidade`, `estado`) VALUES
(1, 'Fazenda Varginha, KM 05', '5', 'Zona Rural', 'Bambuí', 'MG'),
(2, 'Fazenda Varginha, Km 05', '232', 'Boa esperança', 'Bambuí', 'mg'),
(3, 'Fazenda Varginha, Km 05', '12', 'Desisto', 'Bambuí', 'mg'),
(4, '', '', '', '', 'mg'),
(5, 'Fazenda Varginha, Km 05', '999', '999999999999', 'Bambuí', 'mg'),
(6, 'Herculino Porto', '170', 'Rola-moça', 'Bambuí', 'mg'),
(7, 'Rua topper', '4545', 'Lava pés', 'Bambuí', 'mg'),
(8, 'P.O. Box 316, 5081 Maecenas Avenue', '940', 'Forrest', 'Bragança', 'PA'),
(9, 'Ap #931-1044 Eget Av.', '1583', 'Adam', 'Valparaíso de Goiás', 'Go'),
(10, 'P.O. Box 530, 9580 Enim. St.', '319', 'Sylvester', 'Pelotas', 'RS'),
(11, '7335 Lacus. Rd.', '355', 'Theodore', 'Feira de Santana', 'BA'),
(12, '635-194 Mi Avenue', '1395', 'Timothy', 'Carapicuíba', 'SP'),
(13, '248-1491 Elementum Road', '1555', 'Simon', 'Canoas', 'RS'),
(14, 'Ap #223-8120 Tempor St.', '46', 'Kenneth', 'Jundiaí', 'SP'),
(15, '1260 Praesent Road', '152', 'Gareth', 'Campos dos Goytacazes', 'RJ'),
(16, '165-1276 Aliquam Rd.', '780', 'Jerome', 'Osasco', 'Sã'),
(17, 'P.O. Box 322, 9855 Sed Av.', '873', 'August', 'Piracicaba', 'Sã'),
(18, 'P.O. Box 104, 3027 Aenean Road', '357', 'Allen', 'Ribeirão das Neves', 'MG'),
(19, '945-9689 Imperdiet St.', '1295', 'Jameson', 'Chapecó', 'Sa'),
(20, '377-7074 In, Rd.', '1511', 'Barclay', 'Niterói', 'Ri'),
(21, 'P.O. Box 797, 2045 Enim, Road', '551', 'Howard', 'Osasco', 'Sã'),
(22, 'Ap #121-425 Pede St.', '1202', 'Jonah', 'Ilhéus', 'Ba'),
(23, 'Ap #400-4823 Quis Rd.', '863', 'Prescott', 'Jundiaí', 'Sã'),
(24, 'P.O. Box 315, 2889 Praesent Street', '1864', 'Alden', 'Carapicuíba', 'Sã'),
(25, 'Ap #726-9796 Ut Street', '476', 'Kennan', 'Vitória da Conquista', 'Ba'),
(26, '712-422 Et, Road', '346', 'Andrew', 'Paranaguá', 'Pa'),
(27, 'P.O. Box 887, 3692 Enim. Ave', '1289', 'Amal', 'Águas Lindas de Goiás', 'GO'),
(28, '499-2062 Proin St.', '1917', 'Merritt', 'Campinas', 'Sã'),
(29, '7121 Pede. St.', '528', 'Henry', 'Campina Grande', 'PB'),
(30, '3027 Nunc, Ave', '478', 'Nolan', 'Jundiaí', 'SP'),
(31, '294-4526 Donec Av.', '843', 'Thor', 'Maranguape', 'CE'),
(32, '501-7997 Augue. Rd.', '1714', 'Dorian', 'Ribeirão Preto', 'Sã'),
(33, '2046 In Street', '1700', 'Walker', 'Osasco', 'SP'),
(34, 'P.O. Box 722, 7975 Pede. Av.', '1186', 'Colby', 'Mogi das Cruzes', 'SP'),
(35, '250-6825 Aliquet. Av.', '1105', 'Macon', 'Valparaíso de Goiás', 'GO'),
(36, '8970 Pede. Rd.', '705', 'Murphy', 'Maringá', 'Pa'),
(37, '363-9907 Accumsan Av.', '373', 'Rudyard', 'Niterói', 'RJ'),
(38, 'P.O. Box 760, 1722 Tristique Street', '151', 'Phillip', 'Ponta Grossa', 'Pa'),
(39, 'Ap #226-282 Elementum Street', '792', 'Ross', 'Sousa', 'Pa'),
(40, '3186 Nisi Av.', '1188', 'Bert', 'Carapicuíba', 'SP'),
(41, '9610 Nisl Ave', '914', 'Stewart', 'Rio Verde', 'Go'),
(42, '2638 Vivamus St.', '1072', 'Davis', 'Canoas', 'RS'),
(43, '782-7615 Ipsum. Avenue', '729', 'Wing', 'Mogi das Cruzes', 'Sã'),
(44, '393-5799 Netus Avenue', '267', 'Dalton', 'Canoas', 'Ri'),
(45, '1103 Ac Av.', '225', 'Carlos', 'Cascavel', 'Pa'),
(46, 'Ap #672-9526 Proin St.', '1226', 'Deacon', 'Mogi das Cruzes', 'Sã'),
(47, '373-8915 Malesuada Av.', '209', 'Kamal', 'Anápolis', 'Go'),
(48, 'P.O. Box 384, 8670 Iaculis Road', '1566', 'Cole', 'Montes Claros', 'Mi'),
(49, '906 Arcu. Street', '1863', 'Julian', 'Colombo', 'Pa'),
(50, 'Ap #953-2355 Et, Avenue', '1845', 'Leo', 'Juazeiro do Norte', 'Ce'),
(51, 'Ap #737-3837 Adipiscing St.', '1727', 'Brandon', 'Goiânia', 'GO'),
(52, '237-1310 Felis Rd.', '1756', 'Norman', 'Juazeiro', 'BA'),
(53, 'P.O. Box 902, 6375 Magnis Av.', '610', 'Erich', 'Açailândia', 'MA'),
(54, '348-8202 Non Avenue', '1888', 'Lee', 'Águas Lindas de Goiás', 'GO'),
(55, '845-408 Amet Ave', '615', 'Colton', 'Caruaru', 'PE'),
(56, '6869 Sem, Rd.', '878', 'Driscoll', 'Santa Rita', 'PB'),
(57, 'Ap #998-8236 Metus. Rd.', '1919', 'August', 'Rio de Janeiro', 'Ri'),
(58, 'P.O. Box 890, 642 Amet Street', '278', 'Ferris', 'Santa Maria', 'Ri'),
(59, 'P.O. Box 524, 5514 Proin Av.', '1143', 'Darius', 'São Gonçalo', 'Ri'),
(60, '9176 Lobortis Av.', '1875', 'Tucker', 'Camaçari', 'BA'),
(61, 'Ap #204-3995 Dictum St.', '337', 'Lance', 'São Luís', 'MA'),
(62, 'Ap #842-8968 Lectus Road', '1952', 'Jin', 'Chapecó', 'Sa'),
(63, '664-2910 Ante. Street', '1388', 'Samson', 'Santa Luzia', 'Mi'),
(64, '234-6285 Consequat Rd.', '1593', 'Gil', 'Salvador', 'BA'),
(65, '2780 Lorem Avenue', '280', 'Emery', 'Belford Roxo', 'RJ'),
(66, 'P.O. Box 461, 6152 Phasellus Av.', '499', 'Clarke', 'Crato', 'CE'),
(67, '615-5104 Parturient Avenue', '501', 'Zachary', 'Campinas', 'Sã'),
(68, '527-8165 Tempor, Avenue', '156', 'Bruce', 'Feira de Santana', 'BA'),
(69, '529-6590 Adipiscing. St.', '515', 'Vincent', 'Campinas', 'Sã'),
(70, '7703 Blandit Av.', '1764', 'Branden', 'Açailândia', 'Ma'),
(71, '4851 Auctor. Street', '1849', 'Garth', 'Osasco', 'Sã'),
(72, 'Ap #567-691 Purus. St.', '348', 'Devin', 'Petrópolis', 'Ri'),
(73, '549-6317 Commodo Rd.', '1390', 'Hayes', 'Salvador', 'Ba'),
(74, '559-2593 Cum Rd.', '1040', 'Jordan', 'Divinópolis', 'Mi'),
(75, 'Ap #125-5934 Inceptos Rd.', '29', 'Martin', 'Bacabal', 'Ma'),
(76, '733-2530 Laoreet St.', '1452', 'Keegan', 'Ribeirão Preto', 'Sã'),
(77, '1774 Donec Ave', '1668', 'Stewart', 'Itabuna', 'BA'),
(78, '3189 Pede Road', '1715', 'Conan', 'Cabo de Santo Agostinho', 'Pe'),
(79, '450-8962 Inceptos Avenue', '1510', 'Merrill', 'Paulista', 'PE'),
(80, '174-8736 Aliquet Street', '1094', 'Abdul', 'Osasco', 'SP'),
(81, 'P.O. Box 430, 3698 Feugiat Avenue', '1247', 'Alfonso', 'Parauapebas', 'Pa'),
(82, '7854 Mauris Rd.', '1029', 'Martin', 'Guarapuava', 'PR'),
(83, '501-8910 Blandit. Ave', '1100', 'Cadman', 'Castanhal', 'Pa'),
(84, 'P.O. Box 603, 6324 Vulputate, Av.', '547', 'Neil', 'Itapipoca', 'Ce'),
(85, 'Ap #575-123 Eu Avenue', '1183', 'Tobias', 'Porto Alegre', 'Ri'),
(86, 'Ap #702-7808 Donec St.', '1344', 'Giacomo', 'Blumenau', 'Sa'),
(87, 'P.O. Box 583, 3611 Etiam Street', '1433', 'Hector', 'Rio de Janeiro', 'Ri'),
(88, 'P.O. Box 752, 5998 Nec Street', '927', 'Igor', 'Niterói', 'Ri'),
(89, '9486 Phasellus Rd.', '1068', 'Carl', 'Carapicuíba', 'SP'),
(90, '707-5994 Hendrerit Rd.', '826', 'Price', 'Campinas', 'Sã'),
(91, 'P.O. Box 137, 2337 Velit. Road', '1348', 'Mason', 'Piracicaba', 'Sã'),
(92, '627-6427 Curae; Rd.', '102', 'Ryan', 'Bayeux', 'Pa'),
(93, '4148 Quisque Avenue', '784', 'Arsenio', 'Colombo', 'Pa'),
(94, 'Ap #562-9820 Luctus St.', '178', 'Prescott', 'Piracicaba', 'SP'),
(95, 'P.O. Box 328, 8893 In Road', '10', 'Gareth', 'Colombo', 'PR'),
(96, 'Ap #299-5861 Class Avenue', '73', 'Hall', 'Blumenau', 'Sa'),
(97, 'P.O. Box 272, 8378 Dolor Street', '1098', 'Boris', 'Santa Luzia', 'MG'),
(98, '928-5425 Diam. St.', '1912', 'Russell', 'Juazeiro', 'BA'),
(99, 'P.O. Box 964, 7230 Lorem, Rd.', '1943', 'Gil', 'Salvador', 'BA'),
(100, 'P.O. Box 197, 9538 Non Road', '321', 'Isaiah', 'Niterói', 'RJ'),
(101, '111-9535 Amet Road', '147', 'Calvin', 'Mauá', 'SP'),
(102, 'Ap #995-3300 Praesent Rd.', '44', 'Lars', 'Timon', 'Ma'),
(103, '8127 Ullamcorper, Road', '1555', 'Omar', 'São José', 'Sa'),
(104, '5398 Sed Avenue', '1895', 'Jameson', 'Imperatriz', 'MA'),
(105, 'Ap #479-4466 Sed Rd.', '674', 'Jack', 'Osasco', 'Sã'),
(106, 'Ap #790-8970 Litora Road', '1160', 'Rafael', 'Santa Luzia', 'MG'),
(107, 'P.O. Box 124, 535 Commodo Avenue', '1847', 'Thaddeus', 'Guarapuava', 'Pa');

-- --------------------------------------------------------

--
-- Estrutura da tabela `entrada_produto`
--

CREATE TABLE `entrada_produto` (
  `id_entrada` int(11) NOT NULL,
  `codigo_de_barras` int(13) NOT NULL,
  `quantidade` int(11) NOT NULL,
  `valor_total` decimal(10,2) NOT NULL,
  `id_compra` int(11) NOT NULL
) ENGINE=InnoDB DEFAULT CHARSET=latin1;

--
-- Extraindo dados da tabela `entrada_produto`
--

INSERT INTO `entrada_produto` (`id_entrada`, `codigo_de_barras`, `quantidade`, `valor_total`, `id_compra`) VALUES
(21, 1, 3, '0.97', 42),
(22, 2, 7, '2.63', 42),
(23, 3, 8, '1.29', 42),
(24, 4, 7, '1.57', 42),
(25, 5, 1, '2.06', 42),
(26, 6, 9, '5.73', 42),
(27, 7, 4, '2.62', 42),
(28, 8, 1, '6.04', 42),
(29, 9, 3, '8.47', 42),
(30, 10, 4, '7.33', 42),
(31, 11, 10, '4.75', 42),
(32, 12, 4, '5.75', 42),
(33, 13, 7, '1.61', 42),
(34, 14, 4, '8.63', 42),
(35, 15, 3, '3.12', 42),
(36, 16, 9, '3.46', 42),
(37, 17, 3, '8.88', 42),
(38, 18, 5, '0.59', 42),
(39, 19, 2, '8.57', 42),
(40, 20, 10, '5.30', 42),
(41, 21, 1, '8.04', 42),
(42, 22, 10, '3.67', 42),
(43, 23, 5, '2.13', 42),
(44, 24, 2, '3.89', 42),
(45, 25, 6, '2.23', 42),
(46, 26, 3, '5.58', 42),
(47, 27, 4, '3.14', 42),
(48, 28, 1, '9.96', 42),
(49, 29, 7, '6.12', 42),
(50, 30, 3, '6.35', 42),
(51, 31, 4, '7.29', 42),
(52, 32, 4, '6.03', 42),
(53, 33, 10, '8.37', 42),
(54, 34, 2, '7.26', 42),
(55, 35, 7, '8.78', 42),
(56, 36, 9, '8.37', 42),
(57, 37, 5, '5.39', 42),
(58, 38, 3, '0.66', 42),
(59, 39, 6, '6.99', 42),
(60, 40, 7, '6.90', 42),
(61, 41, 10, '2.44', 42),
(62, 42, 1, '8.79', 42),
(63, 43, 5, '1.46', 42),
(64, 44, 1, '2.91', 42),
(65, 45, 8, '1.05', 42),
(66, 46, 2, '7.08', 42),
(67, 47, 4, '5.80', 42),
(68, 48, 3, '0.84', 42),
(69, 49, 2, '8.38', 42),
(70, 50, 3, '6.92', 42),
(71, 51, 2, '9.80', 42),
(72, 52, 1, '5.27', 42),
(73, 53, 3, '7.24', 42),
(74, 54, 8, '2.40', 42),
(75, 55, 5, '9.21', 42),
(76, 56, 2, '6.63', 42),
(77, 57, 2, '7.43', 42),
(78, 58, 8, '5.92', 42),
(79, 59, 3, '2.79', 42),
(80, 60, 8, '7.44', 42),
(81, 61, 7, '5.59', 42),
(82, 62, 1, '1.99', 42),
(83, 63, 7, '2.74', 42),
(84, 64, 3, '2.87', 42),
(85, 65, 10, '8.24', 42),
(86, 66, 5, '4.47', 42),
(87, 67, 7, '5.22', 42),
(88, 68, 9, '5.30', 42),
(89, 69, 7, '4.65', 42),
(90, 70, 8, '7.06', 42),
(91, 71, 3, '9.80', 42),
(92, 72, 1, '4.04', 42),
(93, 73, 7, '7.47', 42),
(94, 74, 3, '8.86', 42),
(95, 75, 6, '8.44', 42),
(96, 76, 3, '4.77', 42),
(97, 77, 4, '1.43', 42),
(98, 78, 3, '0.61', 42),
(99, 79, 9, '6.41', 42),
(100, 80, 10, '8.11', 42),
(101, 81, 3, '2.72', 42),
(102, 82, 9, '1.63', 42),
(103, 83, 2, '2.55', 42),
(104, 84, 3, '5.27', 42),
(105, 85, 4, '7.57', 42),
(106, 86, 1, '0.66', 42),
(107, 87, 1, '4.75', 42),
(108, 88, 4, '1.74', 42),
(109, 89, 4, '7.53', 42),
(110, 90, 4, '9.07', 42),
(111, 91, 9, '9.69', 42),
(112, 92, 6, '4.69', 42),
(113, 93, 5, '4.75', 42),
(114, 94, 5, '7.85', 42),
(115, 95, 6, '1.53', 42),
(116, 96, 8, '4.09', 42),
(117, 97, 9, '2.37', 42),
(118, 98, 7, '5.46', 42),
(119, 99, 2, '6.57', 42),
(120, 100, 10, '5.83', 42);

-- --------------------------------------------------------

--
-- Estrutura da tabela `fornecedor`
--

CREATE TABLE `fornecedor` (
  `cnpj` varchar(17) NOT NULL,
  `id_endereco` int(11) NOT NULL,
  `telefone` varchar(30) NOT NULL,
  `nome` varchar(200) NOT NULL,
  `telefone_representante` varchar(30) NOT NULL,
  `nome_representante` varchar(200) NOT NULL
) ENGINE=InnoDB DEFAULT CHARSET=latin1;

--
-- Extraindo dados da tabela `fornecedor`
--

INSERT INTO `fornecedor` (`cnpj`, `id_endereco`, `telefone`, `nome`, `telefone_representante`, `nome_representante`) VALUES
('12345645', 2, '34123434', 'AmBev', '3451123441234', 'Maurício'),
('13677283086710', 96, '461673979', 'Cade', '369686360', 'Glover, Scarlet P.'),
('14712989868389', 77, '953787418', 'Lane', '477182516', 'Nguyen, September J.'),
('15958768294917', 90, '129409853', 'Blaze', '221664986', 'Scott, Wynne S.'),
('17381148205863', 31, '249652313', 'Kareem', '282870834', 'Parks, Gil A.'),
('17588932894998', 32, '911588753', 'Jackson', '189996146', 'Powers, Kyle W.'),
('17668028341399', 63, '829081178', 'Edan', '349995727', 'Parker, Yvonne E.'),
('18135783614383', 28, '683621605', 'Neil', '977405877', 'Peters, Helen F.'),
('19340881125794', 9, '653794249', 'Wing', '590746894', 'Flynn, Hector Q.'),
('21398001702295', 45, '707607477', 'Byron', '895117096', 'Bean, Davis R.'),
('21675996027058', 44, '651717962', 'Christian', '304410827', 'Dodson, Alden Z.'),
('23110246327188', 53, '748146045', 'Sylvester', '765233398', 'Stafford, Emery E.'),
('23346629656023', 29, '132800247', 'Abbot', '802279802', 'Molina, Caleb F.'),
('25204335401455', 81, '299722106', 'Wing', '468601132', 'Snow, Colton Y.'),
('27592116511530', 64, '997316610', 'Norman', '393929873', 'Malone, Keith P.'),
('27880935743451', 1, '935283574', 'Graham', '706109251', 'Velasquez, Clementine F.'),
('28168145774139', 6, '747711156', 'Garth', '647248545', 'Spencer, Ruth D.'),
('28318136640720', 55, '807384540', 'Ryan', '936049739', 'Haney, Katelyn I.'),
('2839453245', 1, '37 98765-4321', 'Coca-cola', '379987654325', 'José da Silva'),
('28887998188535', 72, '290624114', 'Hilel', '179393138', 'Hurley, Reagan S.'),
('30683801571528', 14, '514825467', 'Gary', '356914221', 'Christian, Michael O.'),
('31541811964578', 61, '936837049', 'Mark', '470950468', 'Good, Demetria Q.'),
('32652247283193', 42, '984566943', 'Xenos', '919261854', 'Carver, Walker Z.'),
('32935370132326', 88, '488270499', 'Eric', '289922535', 'Powell, Jorden V.'),
('34678131176365', 77, '191840441', 'Graham', '644009367', 'Sweeney, Leah F.'),
('35678945937090', 59, '410185096', 'Wylie', '561216252', 'Whitaker, Glenna V.'),
('38643231987953', 53, '935379180', 'Cruz', '241997612', 'House, Harrison M.'),
('40957228094339', 50, '788495110', 'Logan', '712342329', 'Jarvis, Harlan L.'),
('41445071871081', 8, '200848032', 'Gannon', '430382166', 'Steele, Georgia W.'),
('42027957530485', 80, '474674511', 'Benjamin', '337455287', 'Harrison, Ulla O.'),
('42787709914975', 4, '132623531', 'Rashad', '879726972', 'Bryan, August N.'),
('43683618389897', 67, '663020982', 'Samson', '511643102', 'Leach, Silas Z.'),
('43838607064551', 56, '251757276', 'Octavius', '717149279', 'Lancaster, Vivien S.'),
('44018177770905', 25, '834340708', 'Daniel', '688828333', 'Mendoza, Petra K.'),
('44216733260287', 25, '990552121', 'Orlando', '804029737', 'Knox, Driscoll A.'),
('44636683745516', 4, '288655934', 'Damon', '111338614', 'Mullins, Uriel E.'),
('45931410251392', 21, '562739635', 'Garth', '277003062', 'Gaines, Dominic Z.'),
('46725015425019', 81, '163588121', 'Jerome', '570222964', 'Le, Yen Z.'),
('49061251969800', 64, '823527701', 'Raymond', '370729580', 'Terry, Aline X.'),
('50535247971614', 83, '138511888', 'Mohammad', '176436227', 'Merritt, Aladdin A.'),
('50772115670972', 1, '658404327', 'Tobias', '595152945', 'Pacheco, Ronan K.'),
('52080479429827', 24, '802570271', 'Seth', '648283667', 'Conley, Adam R.'),
('52228338892261', 4, '400316874', 'Grady', '660098387', 'Spears, Brennan G.'),
('53068892078267', 54, '644847852', 'Graiden', '349940888', 'Cox, Carly S.'),
('53649494176109', 24, '310684327', 'Axel', '171096467', 'Harrell, Eden O.'),
('54052872459093', 54, '689688480', 'Slade', '922155692', 'Blackwell, Amethyst H.'),
('54056452463070', 95, '144724529', 'Hu', '736005863', 'Preston, Arsenio E.'),
('56174089635411', 38, '501517525', 'Samson', '950345652', 'Travis, Chava T.'),
('56598129206233', 65, '323460481', 'Sylvester', '325954068', 'Long, Miriam B.'),
('56637517445617', 65, '715183981', 'Samuel', '256096139', 'Stanley, Kimberley F.'),
('56712939466039', 42, '848388514', 'Kibo', '184205284', 'Colon, Cameron C.'),
('56812542594141', 54, '757773784', 'Colby', '267495374', 'Gray, Heidi D.'),
('57369375932547', 28, '556153414', 'Bruce', '791510544', 'Weaver, Grant M.'),
('59669431837068', 87, '640170424', 'Lucius', '639729481', 'Park, Melvin K.'),
('60975280818011', 22, '733085290', 'Harrison', '248702433', 'Mcdowell, Shafira H.'),
('62302943526042', 62, '820866986', 'Bernard', '601701937', 'Livingston, Alden T.'),
('62857128058870', 65, '738393839', 'Geoffrey', '273065314', 'Franco, Walker B.'),
('65025553190045', 24, '181800288', 'Clark', '855510701', 'Blackburn, Rhonda U.'),
('65025820293360', 90, '383237221', 'Sawyer', '527172381', 'Preston, Kevyn W.'),
('65120813995599', 79, '730049572', 'Fletcher', '956423432', 'Sweet, Tamara E.'),
('66031158922447', 88, '235593454', 'Adam', '334971222', 'Pitts, Eleanor P.'),
('67056057353814', 89, '430617163', 'Byron', '604172437', 'Vega, Noel I.'),
('67784846201539', 9, '921204051', 'Dennis', '159995554', 'Herman, Leo W.'),
('67957463446590', 87, '615792206', 'Damon', '298953498', 'Vaughn, Dorian U.'),
('69137658385766', 28, '798019242', 'Carl', '815102527', 'Gonzalez, Althea E.'),
('69921196210715', 15, '261645946', 'Abdul', '311761942', 'Doyle, Riley X.'),
('69980673616131', 11, '293492149', 'Lewis', '949651290', 'Burnett, Adam Y.'),
('70384745092855', 27, '220490103', 'Justin', '191219654', 'Cameron, Lee X.'),
('71289389249351', 48, '891523754', 'Quentin', '407469656', 'Hebert, Chastity F.'),
('71787019984589', 47, '558849062', 'Mohammad', '520164312', 'Patel, Calista D.'),
('75282264749209', 65, '591184368', 'Micah', '209333568', 'Mcintosh, Philip M.'),
('78103013626403', 12, '474151992', 'Acton', '639274812', 'Gray, Riley A.'),
('78244294226169', 35, '790784026', 'Samson', '648532422', 'Fuentes, Zeph S.'),
('78252845754226', 93, '359188058', 'Elijah', '504646564', 'Holder, Brenna U.'),
('78554434234234', 2, '35435635345', ' Cerveja Brahma Villiger & Companhia', '43323237798274', 'Carlos'),
('78835490345954', 59, '336610444', 'Dexter', '613873118', 'Simon, Maite J.'),
('79457843552033', 5, '653640028', 'Griffith', '632820026', 'Crosby, Melvin L.'),
('80845973433719', 86, '183464510', 'Fuller', '194940207', 'Meyer, Felicia U.'),
('82193274961577', 35, '732240973', 'Hiram', '482869967', 'House, Hayfa C.'),
('83005874769555', 27, '133174377', 'Bruno', '923971599', 'Barrera, Zeus S.'),
('83101436868309', 45, '474934545', 'Bert', '674176800', 'Vargas, Elizabeth F.'),
('83228588642345', 38, '123075928', 'Isaac', '892168293', 'Justice, Maxwell Q.'),
('83249880539046', 65, '988570127', 'Solomon', '977691709', 'Brock, Xavier Q.'),
('84588519401020', 44, '208822624', 'Hoyt', '923349971', 'Higgins, Morgan C.'),
('86106449158655', 14, '695731915', 'Malik', '727282394', 'Haley, Paul V.'),
('86310530122783', 100, '641240116', 'Cade', '139002072', 'Thornton, Leo E.'),
('87387130864792', 81, '154750995', 'Murphy', '894919085', 'Floyd, Yen C.'),
('87662143425809', 11, '703383365', 'Elmo', '699938003', 'Mclaughlin, Cooper U.'),
('88158708686629', 97, '497739475', 'Xanthus', '215605825', 'Trevino, Brynne F.'),
('88271652948525', 72, '522268161', 'Drake', '182489385', 'Nixon, Yuri V.'),
('88613483640882', 24, '514268217', 'Knox', '475695382', 'Watson, Olivia Q.'),
('90900034747189', 74, '523867699', 'Kato', '726891131', 'Cannon, Quin S.'),
('91645088005397', 26, '771973363', 'Ulric', '972075526', 'Holmes, Callie F.'),
('91746285474962', 27, '385261617', 'Stone', '495105528', 'Glass, Hop N.'),
('93507677771978', 7, '597324319', 'Steel', '248763798', 'Gutierrez, Gareth I.'),
('93894784980350', 40, '136726567', 'Erich', '162625791', 'Paul, Guy Y.'),
('95314640262060', 98, '480462134', 'Christopher', '755413079', 'Santiago, Xaviera M.'),
('96268049503366', 41, '797156210', 'Daniel', '656571474', 'Cobb, Alice I.'),
('97521273212300', 72, '618775207', 'Wyatt', '719593736', 'Pitts, Omar C.'),
('97525600095589', 23, '326967250', 'Duncan', '632424556', 'Riggs, Russell E.'),
('98012919972340', 21, '662543622', 'Clarke', '651702959', 'Martin, Anthony D.'),
('98776029133134', 65, '687367789', 'Anthony', '485642615', 'Decker, Charde A.'),
('99673371306724', 63, '584388679', 'Hamish', '211794341', 'Olsen, Pearl P.');

-- --------------------------------------------------------

--
-- Estrutura da tabela `funcionario`
--

CREATE TABLE `funcionario` (
  `id_funcionario` int(11) NOT NULL,
  `id_pessoa` int(11) NOT NULL,
  `id_endereco` int(11) NOT NULL,
  `login` varchar(30) NOT NULL,
  `senha` varchar(300) NOT NULL,
  `administrador` tinyint(1) NOT NULL
) ENGINE=InnoDB DEFAULT CHARSET=latin1;

--
-- Extraindo dados da tabela `funcionario`
--

INSERT INTO `funcionario` (`id_funcionario`, `id_pessoa`, `id_endereco`, `login`, `senha`, `administrador`) VALUES
(1, 1, 1, 'admin', '21232f297a57a5a743894a0e4a801fc3', 1),
(3, 92, 50, 'eros.', 'ante', 1),
(4, 75, 60, 'amet,', 'neque', 1),
(5, 19, 15, 'vitae', 'odio.', 1),
(6, 34, 1, 'laoreet', 'lobortis', 1),
(7, 23, 61, 'gravida.', 'diam', 1),
(8, 6, 96, 'est', 'leo.', 1),
(9, 8, 89, 'molestie', 'semper', 1),
(10, 47, 2, 'In', 'eu,', 1),
(11, 37, 71, 'Quisque', 'magna', 1),
(12, 1, 61, 'odio.', 'nisi', 1),
(13, 3, 16, 'Class', 'ante.', 1),
(14, 33, 82, 'dapibus', 'suscipit', 1),
(15, 86, 34, 'pharetra,', 'Nunc', 1),
(16, 25, 34, 'dignissim.', 'consectetuer', 1),
(17, 32, 50, 'turpis', 'turpis', 1),
(18, 84, 12, 'imperdiet', 'quis,', 1),
(19, 90, 44, 'et', 'vestibulum', 1),
(20, 72, 78, 'suscipit,', 'Curabitur', 1),
(21, 84, 43, 'elementum', 'at', 1),
(22, 50, 81, 'erat', 'nisi.', 1),
(23, 72, 74, 'massa.', 'libero', 1),
(24, 65, 45, 'elit.', 'massa', 1),
(25, 15, 67, 'iaculis', 'massa.', 1),
(26, 7, 72, 'condimentum', 'massa.', 1),
(27, 77, 10, 'sem,', 'non', 1),
(28, 30, 92, 'ipsum', 'neque', 1),
(29, 7, 31, 'consectetuer', 'varius', 1),
(30, 85, 36, 'dui', 'tellus', 1),
(31, 85, 23, 'gravida', 'metus.', 1),
(32, 85, 21, 'Donec', 'massa', 1),
(33, 90, 47, 'vel', 'Nullam', 1),
(34, 27, 61, 'vel,', 'Sed', 1),
(35, 30, 7, 'ipsum.', 'arcu.', 1),
(36, 48, 93, 'lectus', 'non', 1),
(37, 84, 36, 'cursus,', 'Aliquam', 1),
(38, 35, 25, 'nonummy', 'aliquam', 1),
(39, 90, 71, 'at,', 'mollis', 1),
(40, 62, 34, 'nibh', 'quam.', 1),
(41, 100, 33, 'viverra.', 'massa', 1),
(42, 45, 19, 'Mauris', 'Lorem', 1),
(43, 94, 64, 'primis', 'Proin', 1),
(44, 41, 68, 'est', 'elementum,', 1),
(45, 45, 77, 'dui.', 'lacus.', 1),
(46, 42, 89, 'dapibus', 'egestas.', 1),
(47, 98, 2, 'ipsum.', 'id,', 1),
(48, 28, 84, 'accumsan', 'nisl.', 1),
(49, 39, 4, 'tellus.', 'risus.', 1),
(50, 74, 51, 'diam', 'urna', 1),
(51, 77, 11, 'ut,', 'euismod', 1),
(52, 65, 29, 'eget', 'orci.', 1),
(53, 94, 95, 'Nulla', 'nisi.', 1),
(54, 93, 4, 'lorem', 'id,', 1),
(55, 9, 77, 'vel', 'sit', 1),
(56, 80, 36, 'lobortis', 'bibendum.', 1),
(57, 12, 85, 'magna.', 'parturient', 1),
(58, 78, 77, 'dignissim', 'sociosqu', 1),
(59, 28, 51, 'hymenaeos.', 'rutrum,', 1),
(60, 17, 51, 'Aliquam', 'cursus', 1),
(61, 51, 47, 'sollicitudin', 'urna', 1),
(62, 30, 61, 'Suspendisse', 'mauris', 1),
(63, 27, 30, 'Sed', 'mi', 1),
(64, 33, 94, 'ipsum', 'dolor.', 1),
(65, 5, 27, 'sapien', 'nunc', 1),
(66, 97, 40, 'imperdiet', 'tincidunt', 1),
(67, 42, 40, 'at,', 'id,', 1),
(68, 51, 2, 'risus', 'mi', 1),
(69, 83, 69, 'vehicula', 'ac', 1),
(70, 44, 43, 'accumsan', 'arcu.', 1),
(71, 91, 34, 'a', 'cursus', 1),
(72, 49, 29, 'rutrum', 'vel,', 1),
(73, 91, 48, 'id', 'magna.', 1),
(74, 36, 41, 'Mauris', 'eleifend', 1),
(75, 33, 60, 'ultricies', 'mi', 1),
(76, 65, 16, 'Mauris', 'accumsan', 1),
(77, 9, 74, 'Phasellus', 'velit', 1),
(78, 21, 8, 'sapien,', 'Nulla', 1),
(79, 73, 72, 'mattis', 'nibh', 1),
(80, 45, 41, 'elit.', 'elit', 1),
(81, 29, 71, 'dui,', 'et', 1),
(82, 53, 17, 'Nam', 'tincidunt', 1),
(83, 78, 92, 'justo', 'vulputate,', 1),
(84, 67, 45, 'Suspendisse', 'dolor', 1),
(85, 99, 25, 'tincidunt', 'volutpat.', 1),
(86, 49, 5, 'porttitor', 'risus.', 1),
(87, 53, 97, 'dignissim', 'enim.', 1),
(88, 4, 77, 'fringilla', 'odio', 1),
(89, 29, 84, 'lectus', 'consequat', 1),
(90, 30, 14, 'nisi', 'netus', 1),
(91, 55, 10, 'ante', 'pede', 1),
(92, 36, 90, 'Duis', 'bibendum.', 1),
(93, 19, 6, 'dictum', 'porttitor', 1),
(94, 8, 13, 'Curabitur', 'Quisque', 1),
(95, 2, 3, 'erat', 'Maecenas', 1),
(96, 98, 36, 'sociis', 'egestas.', 1),
(97, 76, 47, 'Vivamus', 'condimentum', 1),
(98, 87, 40, 'sapien', 'sagittis', 1),
(99, 64, 64, 'magna.', 'Donec', 1),
(100, 32, 61, 'lorem', 'tincidunt', 1),
(101, 29, 76, 'mauris.', 'Pellentesque', 1),
(102, 78, 88, 'cursus,', 'dolor', 1);

-- --------------------------------------------------------

--
-- Estrutura da tabela `pessoa`
--

CREATE TABLE `pessoa` (
  `id_pessoa` int(11) NOT NULL,
  `id_endereco` int(11) NOT NULL,
  `cpf` varchar(11) NOT NULL,
  `rg` varchar(17) NOT NULL,
  `nome` varchar(200) NOT NULL,
  `data_de_nascimento` date NOT NULL,
  `telefone` varchar(30) NOT NULL
) ENGINE=InnoDB DEFAULT CHARSET=latin1;

--
-- Extraindo dados da tabela `pessoa`
--

INSERT INTO `pessoa` (`id_pessoa`, `id_endereco`, `cpf`, `rg`, `nome`, `data_de_nascimento`, `telefone`) VALUES
(1, 1, '111.111.111', '15.234.543', 'januario', '0000-00-00', '(37) 99954-3221'),
(2, 2, '123', '456', 'josimar', '2018-11-29', '234523453245'),
(3, 3, '203945235', '23452345', 'José da Silva', '2000-12-24', '234523453245'),
(4, 4, '234523453', '893275534', 'Ana', '1990-12-01', '092837405983455'),
(5, 5, '34234234535', '23452345', 'Antônio', '2018-12-22', '9999999999999999999'),
(6, 6, '127.307.906', 'MG-17.606.122', 'julio cezar', '2018-12-01', '37999216872'),
(7, 7, '12345678923', '3185451', 'Ashe', '2006-12-10', ''),
(8, 103, '42155360968', '1504247', 'Sasha Gibbs', '2000-11-20', '896071114'),
(9, 77, '69787381630', '1025096', 'Chelsea Nash', '1999-07-05', '622284221'),
(10, 99, '49030703430', '1172492', 'Bell Curry', '2002-03-15', '407873481'),
(11, 43, '76939677943', '499568', 'Kimberley Boyer', '1999-05-29', '981486486'),
(12, 71, '42740451999', '6856596', 'Sybil Hahn', '2003-02-04', '366024461'),
(13, 12, '75038862311', '5724095', 'Cassidy Zimmerman', '2001-01-29', '544056594'),
(14, 30, '15197763964', '9986693', 'Faith Pacheco', '2003-11-25', '319887217'),
(15, 33, '69447127108', '9809245', 'Francesca Horn', '2003-11-20', '115475446'),
(16, 96, '36840429777', '2476426', 'Miranda Church', '2004-09-26', '762160368'),
(17, 54, '92224267373', '529558', 'Hyacinth Johns', '2005-03-03', '122007420'),
(18, 65, '58222501062', '111039', 'Petra Dominguez', '2002-06-09', '388767996'),
(19, 96, '80668833437', '9675631', 'Hadley Lopez', '2006-02-22', '342553408'),
(20, 69, '44991389041', '2760580', 'Mira Bender', '2006-03-20', '755568883'),
(21, 37, '52655876262', '7579193', 'Juliet Lynch', '2006-02-04', '194649100'),
(22, 38, '89177196183', '4456237', 'Kaitlin Black', '2000-07-26', '541850883'),
(23, 51, '17058011847', '7581276', 'Erica Stanton', '2000-07-07', '789164503'),
(24, 85, '12441767627', '5502783', 'Maggie Osborne', '2001-04-09', '593231260'),
(25, 21, '51140857570', '7352485', 'Alea Chapman', '2006-06-28', '612877914'),
(26, 71, '34381085592', '349810', 'Ruth Mitchell', '2004-05-19', '246044330'),
(27, 31, '98022050534', '9074135', 'Martena Vincent', '2002-10-06', '980989910'),
(28, 75, '99215973458', '612395', 'Mariam Ochoa', '2006-10-04', '710526769'),
(29, 62, '25202465057', '9324103', 'Fay Todd', '2000-07-10', '330228136'),
(30, 59, '71868361242', '1637445', 'Maggie Sanders', '1999-04-24', '980766208'),
(31, 25, '16012170786', '3356579', 'Ruth Armstrong', '2000-01-02', '783723538'),
(32, 30, '31652092354', '8027282', 'Dora Wallace', '2000-02-21', '833095518'),
(33, 36, '19789932543', '4892775', 'Candace Lawson', '2004-05-09', '757049745'),
(34, 21, '57109483455', '1479286', 'McKenzie Chandler', '2003-10-08', '862454669'),
(35, 31, '64915806841', '8116181', 'Colleen Calhoun', '2000-02-04', '847398066'),
(36, 34, '53226122632', '5336655', 'Josephine Tyson', '2005-10-21', '966976703'),
(37, 16, '69165595413', '8526165', 'Amy Delacruz', '2006-06-18', '280648361'),
(38, 26, '63842777411', '9699475', 'Kaden Alford', '2003-08-26', '251289603'),
(39, 69, '15887859753', '444661', 'April Wynn', '2003-07-10', '980521253'),
(40, 99, '80998589346', '9897883', 'Patience Colon', '2004-04-11', '864257864'),
(41, 7, '42083447881', '3096861', 'Cheryl Haney', '2006-06-07', '704559202'),
(42, 100, '20639679580', '7270481', 'Sarah Henson', '2001-05-07', '290345662'),
(43, 89, '79540489820', '7098474', 'Calista Blanchard', '2006-08-24', '705626122'),
(44, 58, '80973744268', '7176572', 'Rose Burris', '2001-04-19', '546971430'),
(45, 98, '45694655883', '9460782', 'Hilda Luna', '2004-05-15', '866219396'),
(46, 104, '36265655399', '9624998', 'Jolene Bryan', '2001-06-15', '471832325'),
(47, 42, '94467569349', '326868', 'Sara Leon', '2004-01-02', '977936698'),
(48, 70, '75431756882', '7419990', 'Liberty Vang', '2005-11-09', '168417444'),
(49, 88, '69722581654', '501496', 'Josephine Puckett', '2002-03-23', '859004963'),
(50, 77, '19619465577', '1626881', 'Sigourney Peters', '2001-08-09', '313016682'),
(51, 87, '46910377674', '8850036', 'Yoshi Morgan', '2000-08-05', '454163141'),
(52, 68, '23870530765', '8199034', 'Charlotte Rice', '2002-12-03', '195201001'),
(53, 14, '25347728116', '7590483', 'Farrah Robinson', '2006-09-05', '541252579'),
(54, 44, '31578754964', '9593516', 'Pearl Ford', '2002-10-24', '950809116'),
(55, 52, '37350252767', '5654512', 'Hollee Lamb', '2002-12-03', '352786701'),
(56, 35, '60042153878', '9110838', 'Shana Foley', '2001-07-03', '194975433'),
(57, 17, '39712423417', '7589168', 'Faith Sanchez', '2000-07-11', '403337044'),
(58, 95, '14428625876', '9182692', 'Halee Bauer', '2000-08-07', '378241795'),
(59, 10, '17356842425', '301051', 'Heidi Hewitt', '1999-10-23', '176696474'),
(60, 83, '95228240763', '3685507', 'Nomlanga Bond', '2005-10-10', '374032303'),
(61, 40, '75066492996', '2241833', 'Demetria Wilson', '2003-07-19', '948413102'),
(62, 37, '24949865539', '8513201', 'Jacqueline Foster', '2003-04-25', '226612430'),
(63, 72, '26162322693', '5102390', 'MacKensie Sargent', '2003-06-05', '739263993'),
(64, 80, '67744981787', '4372575', 'Blaine Compton', '1999-04-27', '291618289'),
(65, 27, '24387296206', '4791765', 'Audrey Dale', '2002-04-19', '718357031'),
(66, 73, '97849019120', '4113921', 'Alfreda Horn', '2002-02-08', '511555292'),
(67, 48, '81599959482', '6246872', 'Kelly Mayo', '1999-04-01', '870343717'),
(68, 39, '34137325361', '6870275', 'Cherokee Howard', '2000-02-04', '504064179'),
(69, 61, '60439901219', '5638321', 'Mollie Nicholson', '2000-11-05', '296834908'),
(70, 100, '78915039698', '8540657', 'Ivana Ochoa', '2002-06-05', '162504898'),
(71, 81, '72976291221', '6783350', 'Wilma Cash', '2006-11-06', '286815416'),
(72, 73, '25394095852', '637450', 'Dahlia Stevens', '2002-10-06', '158937591'),
(73, 102, '66633852322', '7373528', 'Rhona Sykes', '2004-08-11', '528441371'),
(74, 52, '83870810104', '144599', 'Melinda Michael', '2004-05-05', '187360155'),
(75, 28, '72147513719', '5038430', 'Gail Nixon', '2003-02-14', '523971658'),
(76, 78, '23553147663', '6035466', 'Quinn Ellison', '2002-06-17', '527734595'),
(77, 21, '33736260980', '5743758', 'Echo Edwards', '2003-10-28', '599504229'),
(78, 20, '11710970351', '5749843', 'Ainsley Meyers', '2006-10-24', '193552419'),
(79, 88, '76832085682', '5508450', 'Carla Griffith', '2003-07-21', '815335725'),
(80, 33, '84770622518', '2058981', 'Madeline Campbell', '2004-06-07', '437036986'),
(81, 106, '39340228256', '9789594', 'Mira Whitaker', '2000-02-18', '397381377'),
(82, 66, '69453442220', '2479437', 'Maite Norton', '2004-08-24', '684472714'),
(83, 102, '69656274302', '3716245', 'Molly Solis', '2000-11-20', '200021731'),
(84, 27, '95070318546', '567398', 'Mira Boyle', '2004-04-19', '601252078'),
(85, 18, '67577766502', '985372', 'Glenna Mcintosh', '2003-11-05', '810404629'),
(86, 5, '44577862570', '4920425', 'Lillian Finley', '2006-11-16', '589434064'),
(87, 93, '59167902668', '2497249', 'Teagan Ellison', '2000-05-30', '242682308'),
(88, 97, '60476894511', '3784236', 'Sonia Jefferson', '2005-05-23', '116341876'),
(89, 1, '48088883732', '8153258', 'Winter Booker', '2005-10-29', '382736581'),
(90, 95, '26361012044', '1163534', 'Jada Battle', '2006-08-04', '807073233'),
(91, 19, '35417753871', '6088075', 'Calista Kemp', '2000-04-01', '885471583'),
(92, 5, '73923611061', '3365043', 'Xena Hyde', '2002-09-26', '475547086'),
(93, 22, '30412803134', '7709395', 'Simone Bryant', '2004-01-31', '557986619'),
(94, 83, '85898224636', '5341835', 'Serina Rojas', '2005-01-25', '567342941'),
(95, 75, '95846775174', '7145159', 'Ainsley Cline', '2004-05-26', '138133679'),
(96, 56, '15411514002', '5360267', 'Tasha Melendez', '2005-10-09', '627430306'),
(97, 57, '25303577714', '4767234', 'Cathleen Rush', '2005-06-29', '982919874'),
(98, 50, '71866719755', '8281244', 'Ann Key', '2006-08-24', '665821288'),
(99, 43, '97322696240', '6468446', 'Kiara Gross', '2003-11-04', '896144458'),
(100, 48, '80860677733', '6796042', 'Stephanie Pratt', '2002-02-10', '393924889'),
(101, 63, '22356430027', '3708386', 'Anne Wade', '2000-05-30', '737619070'),
(102, 13, '13786146913', '5277151', 'Maxine Hogan', '2004-02-01', '959634703'),
(103, 27, '97366966928', '2562882', 'Myra Kirk', '2005-03-30', '902074509'),
(104, 56, '60883387964', '1730585', 'Vera Stevens', '2000-11-08', '776097351'),
(105, 26, '60076975946', '2757315', 'Lillith Porter', '2001-04-13', '414607569'),
(106, 48, '51751431201', '6091274', 'Cassidy Wilcox', '2001-09-27', '949584373'),
(107, 88, '48788494699', '2955927', 'Sopoline Gross', '2004-08-30', '778963338');

-- --------------------------------------------------------

--
-- Estrutura da tabela `produto`
--

CREATE TABLE `produto` (
  `codigo_de_barras` int(13) NOT NULL,
  `nome` varchar(200) NOT NULL,
  `preco_de_venda` decimal(10,2) NOT NULL,
  `preco_de_compra` decimal(10,2) NOT NULL,
  `quantidade_estoque` int(11) NOT NULL
) ENGINE=InnoDB DEFAULT CHARSET=latin1;

--
-- Extraindo dados da tabela `produto`
--

INSERT INTO `produto` (`codigo_de_barras`, `nome`, `preco_de_venda`, `preco_de_compra`, `quantidade_estoque`) VALUES
(1, 'Tana', '0.00', '0.00', 10),
(2, 'Amena', '0.00', '0.00', 73),
(3, 'Phyllis', '0.00', '0.00', 9),
(4, 'Dahlia', '0.00', '0.00', 37),
(5, 'Neve', '0.00', '0.00', 31),
(6, 'Lareina', '0.00', '0.00', 72),
(7, 'Brielle', '0.00', '0.00', 56),
(8, 'Regina', '0.00', '0.00', 17),
(9, 'Tamara', '0.00', '0.00', 14),
(10, 'Alexandra', '0.00', '0.00', 62),
(11, 'Kelsey', '0.00', '0.00', 13),
(12, 'Jordan', '0.00', '0.00', 28),
(13, 'Camille', '0.00', '0.00', 40),
(14, 'Marny', '0.00', '0.00', 70),
(15, 'Hedwig', '0.00', '0.00', 59),
(16, 'Ima', '0.00', '0.00', 2),
(17, 'Dora', '0.00', '0.00', 65),
(18, 'Sybil', '0.00', '0.00', 59),
(19, 'Melodie', '0.00', '0.00', 35),
(20, 'Colette', '0.00', '0.00', 79),
(21, 'Mikayla', '0.00', '0.00', 44),
(22, 'Samantha', '0.00', '0.00', 27),
(23, 'Suki', '0.00', '0.00', 45),
(24, 'Hillary', '0.00', '0.00', 9),
(25, 'Maggy', '0.00', '0.00', 1),
(26, 'Renee', '0.00', '0.00', 20),
(27, 'Callie', '0.00', '0.00', 61),
(28, 'Hiroko', '0.00', '0.00', 11),
(29, 'Glenna', '0.00', '0.00', 33),
(30, 'Teagan', '0.00', '0.00', 32),
(31, 'Jaquelyn', '0.00', '0.00', 74),
(32, 'MacKenzie', '0.00', '0.00', 16),
(33, 'Nomlanga', '0.00', '0.00', 67),
(34, 'Petra', '0.00', '0.00', 58),
(35, 'Noelani', '0.00', '0.00', 88),
(36, 'Cameran', '0.00', '0.00', 45),
(37, 'Savannah', '0.00', '0.00', 98),
(38, 'Xyla', '0.00', '0.00', 53),
(39, 'Jada', '0.00', '0.00', 6),
(40, 'Katelyn', '0.00', '0.00', 46),
(41, 'Helen', '0.00', '0.00', 65),
(42, 'Genevieve', '0.00', '0.00', 26),
(43, 'Teegan', '0.00', '0.00', 77),
(44, 'Cora', '0.00', '0.00', 48),
(45, 'Carly', '0.00', '0.00', 52),
(46, 'Shannon', '0.00', '0.00', 38),
(47, 'Naida', '0.00', '0.00', 81),
(48, 'Xaviera', '0.00', '0.00', 49),
(49, 'Pearl', '0.00', '0.00', 88),
(50, 'Clementine', '0.00', '0.00', 87),
(51, 'Alma', '0.00', '0.00', 2),
(52, 'Evangeline', '0.00', '0.00', 65),
(53, 'Brenna', '0.00', '0.00', 35),
(54, 'Chastity', '0.00', '0.00', 78),
(55, 'Nicole', '0.00', '0.00', 33),
(56, 'Daria', '0.00', '0.00', 91),
(57, 'Colette', '0.00', '0.00', 12),
(58, 'Sierra', '0.00', '0.00', 41),
(59, 'Fleur', '0.00', '0.00', 41),
(60, 'Veronica', '0.00', '0.00', 50),
(61, 'Amy', '0.00', '0.00', 99),
(62, 'Zenaida', '0.00', '0.00', 86),
(63, 'Jolene', '0.00', '0.00', 16),
(64, 'Lilah', '0.00', '0.00', 31),
(65, 'Alyssa', '0.00', '0.00', 73),
(66, 'Casey', '0.00', '0.00', 18),
(67, 'Noelle', '0.00', '0.00', 20),
(68, 'Maya', '0.00', '0.00', 24),
(69, 'Eugenia', '0.00', '0.00', 88),
(70, 'Delilah', '0.00', '0.00', 11),
(71, 'Sasha', '0.00', '0.00', 73),
(72, 'April', '0.00', '0.00', 22),
(73, 'Myra', '0.00', '0.00', 23),
(74, 'Ivana', '0.00', '0.00', 69),
(75, 'Madaline', '0.00', '0.00', 56),
(76, 'Vielka', '0.00', '0.00', 78),
(77, 'Jane', '0.00', '0.00', 57),
(78, 'Jocelyn', '0.00', '0.00', 14),
(79, 'Rosalyn', '0.00', '0.00', 25),
(80, 'Joelle', '0.00', '0.00', 62),
(81, 'Idola', '0.00', '0.00', 24),
(82, 'Xerxes', '0.00', '0.00', 22),
(83, 'Stella', '0.00', '0.00', 59),
(84, 'Astra', '0.00', '0.00', 80),
(85, 'Mari', '0.00', '0.00', 49),
(86, 'Shana', '0.00', '0.00', 30),
(87, 'Heather', '0.00', '0.00', 14),
(88, 'Kelsey', '0.00', '0.00', 92),
(89, 'Ruby', '0.00', '0.00', 25),
(90, 'Sandra', '0.00', '0.00', 36),
(91, 'Hayley', '0.00', '0.00', 13),
(92, 'Naomi', '0.00', '0.00', 84),
(93, 'Iris', '0.00', '0.00', 22),
(94, 'Madonna', '0.00', '0.00', 50),
(95, 'Sydney', '0.00', '0.00', 18),
(96, 'Leigh', '0.00', '0.00', 41),
(97, 'Pamela', '0.00', '0.00', 57),
(98, 'Angela', '0.00', '0.00', 65),
(99, 'Cassandra', '0.00', '0.00', 95),
(100, 'Celeste', '0.00', '0.00', 89);

-- --------------------------------------------------------

--
-- Estrutura da tabela `referenci_comercial`
--

CREATE TABLE `referenci_comercial` (
  `id_referencia_comercia` int(11) NOT NULL,
  `referencia_1` varchar(100) NOT NULL,
  `referencia_2` varchar(100) NOT NULL,
  `referencia_3` varchar(100) NOT NULL
) ENGINE=InnoDB DEFAULT CHARSET=latin1;

--
-- Extraindo dados da tabela `referenci_comercial`
--

INSERT INTO `referenci_comercial` (`id_referencia_comercia`, `referencia_1`, `referencia_2`, `referencia_3`) VALUES
(1, '', '', ''),
(2, '', '', ''),
(3, '', '', ''),
(4, '444444444444', '55555555555555', '6666666666666666666'),
(5, 'Escola', '', ''),
(6, 'Blizzard', '', ''),
(7, 'at pretium', 'Quisque porttitor', 'arcu. Vestibulum'),
(8, 'et, euismod', 'pede et', 'nunc nulla'),
(9, 'egestas. Duis', 'nisl. Nulla', 'Nunc laoreet'),
(10, 'Nullam vitae', 'sit amet', 'ultrices posuere'),
(11, 'elit, pretium', 'penatibus et', 'ligula. Donec'),
(12, 'massa. Integer', 'Nulla facilisis.', 'convallis, ante'),
(13, 'Nunc quis', 'interdum. Sed', 'est. Nunc'),
(14, 'tincidunt. Donec', 'massa. Suspendisse', 'Sed congue,'),
(15, 'ornare sagittis', 'mi enim,', 'pede. Cum'),
(16, 'rhoncus id,', 'eu lacus.', 'libero. Integer'),
(17, 'Vestibulum ante', 'dis parturient', 'placerat, orci'),
(18, 'risus odio,', 'gravida. Aliquam', 'Phasellus fermentum'),
(19, 'cursus purus.', 'tellus. Aenean', 'vel arcu.'),
(20, 'diam at', 'rutrum. Fusce', 'sagittis augue,'),
(21, 'Integer tincidunt', 'magna. Phasellus', 'elit. Aliquam'),
(22, 'fringilla mi', 'amet, risus.', 'ad litora'),
(23, 'facilisis facilisis,', 'aliquam eros', 'risus quis'),
(24, 'vulputate, posuere', 'at arcu.', 'ipsum cursus'),
(25, 'laoreet lectus', 'et, magna.', 'blandit. Nam'),
(26, 'penatibus et', 'ut, molestie', 'neque. Sed'),
(27, 'egestas rhoncus.', 'dictum. Phasellus', 'id nunc'),
(28, 'aliquam eu,', 'magna. Ut', 'felis eget'),
(29, 'erat, eget', 'enim nisl', 'ligula. Aenean'),
(30, 'hendrerit id,', 'metus. Aenean', 'Nulla facilisis.'),
(31, 'pede, nonummy', 'Proin mi.', 'magnis dis'),
(32, 'augue eu', 'tempor lorem,', 'neque non'),
(33, 'quis, pede.', 'mi eleifend', 'eget, dictum'),
(34, 'ornare, elit', 'erat semper', 'euismod est'),
(35, 'risus. Donec', 'vehicula et,', 'quam vel'),
(36, 'aliquet nec,', 'Suspendisse tristique', 'parturient montes,'),
(37, 'ullamcorper. Duis', 'litora torquent', 'placerat velit.'),
(38, 'placerat velit.', 'ligula. Aenean', 'magna. Sed'),
(39, 'Nunc mauris', 'dolor egestas', 'Pellentesque tincidunt'),
(40, 'sapien. Cras', 'tempor lorem,', 'non, bibendum'),
(41, 'vitae nibh.', 'fringilla purus', 'lectus ante'),
(42, 'dolor. Donec', 'lobortis mauris.', 'lobortis risus.'),
(43, 'aliquet, sem', 'tellus. Suspendisse', 'tincidunt, neque'),
(44, 'Curabitur egestas', 'eu odio', 'enim diam'),
(45, 'aliquet magna', 'Aenean gravida', 'a, arcu.'),
(46, 'ac metus', 'orci tincidunt', 'lorem, vehicula'),
(47, 'nunc risus', 'nonummy. Fusce', 'nibh. Phasellus'),
(48, 'a, auctor', 'dui. Suspendisse', 'eget tincidunt'),
(49, 'facilisis vitae,', 'Suspendisse sagittis.', 'luctus. Curabitur'),
(50, 'Phasellus at', 'sit amet', 'lectus rutrum'),
(51, 'magna. Suspendisse', 'facilisis. Suspendisse', 'sollicitudin commodo'),
(52, 'non enim', 'non, vestibulum', 'tempus non,'),
(53, 'Phasellus dolor', 'semper rutrum.', 'id risus'),
(54, 'diam lorem,', 'primis in', 'lobortis mauris.'),
(55, 'Maecenas mi', 'Curabitur egestas', 'urna justo'),
(56, 'sapien imperdiet', 'orci quis', 'nisi sem'),
(57, 'sit amet,', 'odio semper', 'Phasellus libero'),
(58, 'enim nec', 'Nunc pulvinar', 'lorem tristique'),
(59, 'posuere at,', 'eget tincidunt', 'velit eget'),
(60, 'senectus et', 'ipsum nunc', 'placerat velit.'),
(61, 'elementum sem,', 'ullamcorper, nisl', 'morbi tristique'),
(62, 'Phasellus vitae', 'arcu. Vestibulum', 'Proin velit.'),
(63, 'odio. Etiam', 'dolor. Quisque', 'velit eget'),
(64, 'elit, a', 'posuere at,', 'accumsan convallis,'),
(65, 'lorem, eget', 'risus. Nulla', 'eu tellus.'),
(66, 'Donec felis', 'quam a', 'congue. In'),
(67, 'pede nec', 'egestas blandit.', 'ultricies ligula.'),
(68, 'volutpat. Nulla', 'ac ipsum.', 'Nam nulla'),
(69, 'quam dignissim', 'et magnis', 'massa. Suspendisse'),
(70, 'quam vel', 'ut lacus.', 'scelerisque dui.'),
(71, 'laoreet, libero', 'massa. Quisque', 'nonummy ipsum'),
(72, 'vel pede', 'libero mauris,', 'ipsum. Donec'),
(73, 'odio. Phasellus', 'nec tempus', 'tristique aliquet.'),
(74, 'lacus, varius', 'ac facilisis', 'sit amet,'),
(75, 'bibendum ullamcorper.', 'in, dolor.', 'augue, eu'),
(76, 'luctus lobortis.', 'lorem, sit', 'posuere cubilia'),
(77, 'libero. Proin', 'Pellentesque ut', 'nec tellus.'),
(78, 'elementum, dui', 'pede et', 'a, aliquet'),
(79, 'Nulla interdum.', 'faucibus id,', 'vestibulum, neque'),
(80, 'Nunc sollicitudin', 'ullamcorper, velit', 'mi lacinia'),
(81, 'pharetra nibh.', 'magnis dis', 'Nunc mauris.'),
(82, 'Maecenas libero', 'Sed congue,', 'neque. In'),
(83, 'lectus pede,', 'sem mollis', 'leo elementum'),
(84, 'Vestibulum ante', 'at pretium', 'et libero.'),
(85, 'aliquet molestie', 'id enim.', 'eget metus.'),
(86, 'quis, pede.', 'iaculis odio.', 'pede, ultrices'),
(87, 'arcu eu', 'dolor elit,', 'sit amet'),
(88, 'commodo tincidunt', 'montes, nascetur', 'dolor dapibus'),
(89, 'amet, consectetuer', 'Cras convallis', 'et ultrices'),
(90, 'tincidunt, neque', 'nibh dolor,', 'eu tellus.'),
(91, 'Proin mi.', 'Phasellus dolor', 'magna a'),
(92, 'elit. Aliquam', 'Ut sagittis', 'congue. In'),
(93, 'blandit. Nam', 'Praesent eu', 'pellentesque eget,'),
(94, 'Sed malesuada', 'nisi. Mauris', 'tristique pharetra.'),
(95, 'egestas. Aliquam', 'ligula consectetuer', 'sed leo.'),
(96, 'Nunc quis', 'velit. Sed', 'tellus. Nunc'),
(97, 'lacus, varius', 'amet luctus', 'ut, nulla.'),
(98, 'In faucibus.', 'commodo auctor', 'sit amet'),
(99, 'dui lectus', 'ut dolor', 'sodales. Mauris'),
(100, 'elit, pharetra', 'fermentum fermentum', 'egestas blandit.'),
(101, 'venenatis a,', 'mauris. Morbi', 'arcu ac'),
(102, 'In faucibus.', 'odio semper', 'Vivamus non'),
(103, 'iaculis enim,', 'enim nec', 'non, vestibulum'),
(104, 'ultricies sem', 'dictum augue', 'Suspendisse ac'),
(105, 'Integer sem', 'Quisque libero', 'iaculis aliquet'),
(106, 'Fusce aliquet', 'dolor sit', 'sit amet,');

-- --------------------------------------------------------

--
-- Estrutura da tabela `saida_produto`
--

CREATE TABLE `saida_produto` (
  `id_saida` int(11) NOT NULL,
  `codigo_de_barras` int(13) NOT NULL,
  `id_venda` int(11) NOT NULL,
  `quantidade` int(11) NOT NULL,
  `valor_total` decimal(10,2) NOT NULL
) ENGINE=InnoDB DEFAULT CHARSET=latin1;

--
-- Extraindo dados da tabela `saida_produto`
--

INSERT INTO `saida_produto` (`id_saida`, `codigo_de_barras`, `id_venda`, `quantidade`, `valor_total`) VALUES
(3, 1, 26, 3, '7.78'),
(4, 2, 68, 6, '7.61'),
(5, 3, 29, 9, '0.59'),
(6, 4, 23, 9, '2.49'),
(7, 5, 2, 2, '8.77'),
(8, 6, 82, 3, '2.25'),
(9, 7, 23, 2, '3.33'),
(10, 8, 14, 1, '2.54'),
(11, 9, 35, 2, '7.21'),
(12, 10, 100, 7, '1.73'),
(13, 11, 92, 4, '4.16'),
(14, 12, 17, 3, '8.46'),
(15, 13, 88, 8, '8.72'),
(16, 14, 53, 2, '9.75'),
(17, 15, 56, 1, '8.30'),
(18, 16, 59, 9, '6.14'),
(19, 17, 99, 1, '4.06'),
(20, 18, 21, 9, '5.50'),
(21, 19, 67, 8, '5.88'),
(22, 20, 44, 5, '0.21'),
(23, 21, 71, 4, '4.39'),
(24, 22, 2, 2, '3.85'),
(25, 23, 30, 4, '2.81'),
(26, 24, 14, 6, '7.87'),
(27, 25, 38, 5, '0.84'),
(28, 26, 31, 4, '8.47'),
(29, 27, 96, 8, '2.35'),
(30, 28, 18, 4, '4.63'),
(31, 29, 45, 1, '4.45'),
(32, 30, 63, 6, '3.79'),
(33, 31, 7, 3, '3.81'),
(34, 32, 67, 2, '1.12'),
(35, 33, 52, 3, '9.45'),
(36, 34, 80, 9, '8.50'),
(37, 35, 6, 10, '4.65'),
(38, 36, 72, 6, '9.79'),
(39, 37, 73, 9, '2.70'),
(40, 38, 78, 1, '3.04'),
(41, 39, 48, 5, '3.41'),
(42, 40, 15, 4, '9.79'),
(43, 41, 48, 7, '5.51'),
(44, 42, 94, 5, '8.76'),
(45, 43, 90, 7, '7.61'),
(46, 44, 100, 5, '2.75'),
(47, 45, 81, 2, '6.74'),
(48, 46, 58, 7, '7.35'),
(49, 47, 91, 10, '3.91'),
(50, 48, 79, 4, '8.59'),
(51, 49, 95, 1, '3.85'),
(52, 50, 23, 6, '7.80'),
(53, 51, 79, 3, '6.06'),
(54, 52, 26, 5, '3.85'),
(55, 53, 70, 9, '0.10'),
(56, 54, 60, 10, '3.39'),
(57, 55, 70, 2, '1.33'),
(58, 56, 16, 5, '3.21'),
(59, 57, 20, 3, '8.58'),
(60, 58, 43, 4, '9.28'),
(61, 59, 98, 1, '4.34'),
(62, 60, 6, 10, '8.22'),
(63, 61, 19, 4, '7.11'),
(64, 62, 54, 2, '2.67'),
(65, 63, 89, 6, '1.72'),
(66, 64, 8, 2, '1.53'),
(67, 65, 28, 2, '4.27'),
(68, 66, 78, 7, '9.73'),
(69, 67, 24, 8, '0.24'),
(70, 68, 17, 6, '6.92'),
(71, 69, 6, 6, '1.93'),
(72, 70, 57, 6, '2.32'),
(73, 71, 46, 10, '5.26'),
(74, 72, 1, 2, '0.90'),
(75, 73, 76, 8, '3.66'),
(76, 74, 35, 9, '7.93'),
(77, 75, 43, 5, '6.38'),
(78, 76, 83, 9, '6.42'),
(79, 77, 65, 8, '8.55'),
(80, 78, 23, 4, '4.82'),
(81, 79, 29, 10, '7.75'),
(82, 80, 99, 2, '9.43'),
(83, 81, 43, 6, '8.47'),
(84, 82, 3, 3, '6.49'),
(85, 83, 70, 5, '5.06'),
(86, 84, 70, 6, '4.35'),
(87, 85, 9, 6, '3.13'),
(88, 86, 52, 5, '1.32'),
(89, 87, 32, 5, '3.75'),
(90, 88, 82, 9, '3.03'),
(91, 89, 93, 9, '3.69'),
(92, 90, 31, 6, '5.03'),
(93, 91, 62, 3, '5.22'),
(94, 92, 60, 10, '6.02'),
(95, 93, 19, 4, '5.84'),
(96, 94, 82, 1, '8.11'),
(97, 95, 40, 4, '7.08'),
(98, 96, 13, 5, '5.48'),
(99, 97, 93, 5, '3.78'),
(100, 98, 38, 2, '6.63'),
(101, 99, 74, 9, '5.36'),
(102, 100, 15, 9, '1.91');

-- --------------------------------------------------------

--
-- Estrutura da tabela `temporary`
--

CREATE TABLE `temporary` (
  `id_cliente` int(11) NOT NULL,
  `id_emprestimo` int(11) NOT NULL,
  `id_endereco` int(11) NOT NULL,
  `vasilhame` tinyint(1) NOT NULL,
  `devolucao` tinyint(1) NOT NULL,
  `data_devolucao` date NOT NULL,
  `data_a_devolver` date NOT NULL
) ENGINE=InnoDB DEFAULT CHARSET=latin1;

-- --------------------------------------------------------

--
-- Estrutura da tabela `venda`
--

CREATE TABLE `venda` (
  `id_venda` int(11) NOT NULL,
  `id_funcionario` int(11) NOT NULL,
  `id_cliente` int(11) NOT NULL,
  `data_horario` date NOT NULL,
  `tipo` varchar(100) NOT NULL,
  `valor_total` decimal(10,2) NOT NULL
) ENGINE=InnoDB DEFAULT CHARSET=latin1;

--
-- Extraindo dados da tabela `venda`
--

INSERT INTO `venda` (`id_venda`, `id_funcionario`, `id_cliente`, `data_horario`, `tipo`, `valor_total`) VALUES
(1, 1, 1, '2018-11-01', 'teste', '123.00'),
(2, 1, 1, '2018-11-01', 'teste', '123.00'),
(3, 1, 1, '2018-12-01', 'avista', '15.00'),
(4, 1, 1, '2018-12-01', 'prazo', '15.00'),
(5, 3, 59, '2019-06-09', 'Mauris', '0.00'),
(6, 16, 15, '2018-04-06', 'magna.', '0.00'),
(7, 79, 83, '2018-02-07', 'dolor.', '0.00'),
(8, 46, 76, '2019-11-08', 'Mauris', '0.00'),
(9, 52, 90, '2018-11-14', 'Nulla', '0.00'),
(10, 29, 17, '2018-11-08', 'scelerisque', '0.00'),
(11, 14, 22, '2019-09-03', 'elementum', '0.00'),
(12, 78, 62, '2019-09-09', 'dolor,', '0.00'),
(13, 88, 47, '2019-02-25', 'Phasellus', '0.00'),
(14, 86, 92, '2019-06-10', 'luctus', '0.00'),
(15, 92, 18, '2018-04-30', 'molestie', '0.00'),
(16, 7, 13, '2018-10-28', 'ac', '0.00'),
(17, 64, 53, '2019-10-27', 'nec,', '0.00'),
(18, 46, 45, '2018-09-14', 'egestas.', '0.00'),
(19, 76, 20, '2018-05-12', 'rutrum', '0.00'),
(20, 86, 57, '2018-12-05', 'lectus', '0.00'),
(21, 95, 11, '2019-10-19', 'varius', '0.00'),
(22, 49, 69, '2018-03-08', 'porttitor', '0.00'),
(23, 25, 28, '2018-08-22', 'ac', '0.00'),
(24, 62, 44, '2018-01-03', 'dictum', '0.00'),
(25, 100, 37, '2019-08-04', 'dui', '0.00'),
(26, 64, 23, '2018-02-10', 'Duis', '0.00'),
(27, 59, 7, '2019-06-22', 'lectus', '0.00'),
(28, 41, 48, '2018-02-13', 'nisi', '0.00'),
(29, 84, 86, '2019-04-28', 'purus', '0.00'),
(30, 99, 27, '2019-08-17', 'viverra.', '0.00'),
(31, 7, 69, '2018-10-26', 'nec', '0.00'),
(32, 10, 75, '2018-01-20', 'ac', '0.00'),
(33, 70, 31, '2019-02-23', 'Fusce', '0.00'),
(34, 5, 67, '2018-06-21', 'In', '0.00'),
(35, 46, 66, '2018-08-05', 'nascetur', '0.00'),
(36, 77, 54, '2019-05-09', 'Ut', '0.00'),
(37, 4, 8, '2018-11-26', 'Integer', '0.00'),
(38, 25, 5, '2018-10-14', 'eget', '0.00'),
(39, 36, 37, '2018-10-25', 'vulputate,', '0.00'),
(40, 94, 30, '2019-08-23', 'pede.', '0.00'),
(41, 62, 85, '2019-07-31', 'eu', '0.00'),
(42, 30, 80, '2017-12-06', 'blandit', '0.00'),
(43, 25, 3, '2019-06-02', 'mauris', '0.00'),
(44, 84, 43, '2018-07-16', 'augue,', '0.00'),
(45, 53, 22, '2018-12-24', 'sit', '0.00'),
(46, 49, 46, '2019-08-27', 'nibh', '0.00'),
(47, 7, 41, '2018-03-15', 'ultrices', '0.00'),
(48, 74, 7, '2018-01-12', 'in,', '0.00'),
(49, 66, 20, '2018-03-23', 'ut', '0.00'),
(50, 21, 66, '2018-11-20', 'Nam', '0.00'),
(51, 76, 95, '2018-04-18', 'justo', '0.00'),
(52, 92, 71, '2018-05-03', 'Nunc', '0.00'),
(53, 48, 45, '2019-04-14', 'egestas.', '0.00'),
(54, 54, 50, '2018-09-19', 'elit,', '0.00'),
(55, 69, 41, '2018-07-14', 'et', '0.00'),
(56, 66, 71, '2018-06-14', 'et', '0.00'),
(57, 8, 88, '2018-04-05', 'eros.', '0.00'),
(58, 41, 49, '2018-05-16', 'tincidunt', '0.00'),
(59, 89, 17, '2019-02-25', 'laoreet', '0.00'),
(60, 46, 39, '2017-12-11', 'nec', '0.00'),
(61, 39, 9, '2018-06-15', 'amet', '0.00'),
(62, 3, 2, '2017-12-13', 'ullamcorper.', '0.00'),
(63, 39, 45, '2018-08-13', 'primis', '0.00'),
(64, 93, 38, '2018-03-24', 'pellentesque', '0.00'),
(65, 17, 9, '2018-12-12', 'arcu.', '0.00'),
(66, 29, 88, '2018-05-05', 'Class', '0.00'),
(67, 70, 41, '2019-04-22', 'at', '0.00'),
(68, 3, 94, '2018-08-14', 'tincidunt', '0.00'),
(69, 84, 100, '2018-10-24', 'a', '0.00'),
(70, 91, 49, '2019-02-25', 'nec', '0.00'),
(71, 12, 82, '2018-11-22', 'Suspendisse', '0.00'),
(72, 8, 65, '2019-11-17', 'eros.', '0.00'),
(73, 55, 57, '2018-08-21', 'dapibus', '0.00'),
(74, 87, 46, '2019-07-21', 'tempus', '0.00'),
(75, 83, 11, '2018-02-25', 'lorem,', '0.00'),
(76, 63, 43, '2019-02-05', 'ac', '0.00'),
(77, 90, 96, '2018-12-11', 'feugiat.', '0.00'),
(78, 36, 17, '2018-04-05', 'nec', '0.00'),
(79, 87, 73, '2018-01-18', 'urna.', '0.00'),
(80, 21, 34, '2019-09-10', 'Donec', '0.00'),
(81, 83, 30, '2018-09-30', 'molestie', '0.00'),
(82, 68, 2, '2018-10-02', 'ac', '0.00'),
(83, 4, 8, '2017-12-24', 'quam', '0.00'),
(84, 4, 55, '2019-02-28', 'Donec', '0.00'),
(85, 38, 24, '2019-01-28', 'odio.', '0.00'),
(86, 74, 51, '2018-06-23', 'lacus.', '0.00'),
(87, 62, 68, '2019-05-08', 'purus', '0.00'),
(88, 14, 67, '2018-06-24', 'Suspendisse', '0.00'),
(89, 29, 91, '2019-11-26', 'orci.', '0.00'),
(90, 22, 41, '2018-10-16', 'Aliquam', '0.00'),
(91, 27, 79, '2018-05-07', 'Sed', '0.00'),
(92, 19, 78, '2018-03-21', 'elit,', '0.00'),
(93, 71, 40, '2019-04-16', 'magnis', '0.00'),
(94, 50, 92, '2018-08-22', 'nascetur', '0.00'),
(95, 3, 44, '2018-02-13', 'ornare,', '0.00'),
(96, 44, 35, '2019-10-16', 'Donec', '0.00'),
(97, 57, 13, '2018-02-26', 'sed', '0.00'),
(98, 10, 87, '2017-12-23', 'euismod', '0.00'),
(99, 42, 54, '2018-02-09', 'consequat', '0.00'),
(100, 14, 29, '2019-10-07', 'orci', '0.00'),
(101, 88, 25, '2019-03-26', 'eget', '0.00'),
(102, 6, 83, '2019-06-07', 'imperdiet', '0.00'),
(103, 76, 98, '2018-06-01', 'ante.', '0.00'),
(104, 10, 94, '2018-11-17', 'eu', '0.00');

--
-- Indexes for dumped tables
--

--
-- Indexes for table `cliente`
--
ALTER TABLE `cliente`
  ADD PRIMARY KEY (`id_cliente`),
  ADD KEY `cliente_fk_pessoa` (`id_pessoa`);

--
-- Indexes for table `compra`
--
ALTER TABLE `compra`
  ADD PRIMARY KEY (`id_compra`),
  ADD KEY `compra_fk_fornecedor` (`cnpj`);

--
-- Indexes for table `emprestimo`
--
ALTER TABLE `emprestimo`
  ADD PRIMARY KEY (`id_emprestimo`),
  ADD KEY `endereco_fk_emprestimo` (`id_endereco`),
  ADD KEY `cliente_fk_emprestimo` (`id_cliente`);

--
-- Indexes for table `endereco`
--
ALTER TABLE `endereco`
  ADD PRIMARY KEY (`id_endereco`);

--
-- Indexes for table `entrada_produto`
--
ALTER TABLE `entrada_produto`
  ADD PRIMARY KEY (`id_entrada`),
  ADD KEY `produto_fk_entrada` (`codigo_de_barras`),
  ADD KEY `compra_fk_entrada` (`id_compra`);

--
-- Indexes for table `fornecedor`
--
ALTER TABLE `fornecedor`
  ADD PRIMARY KEY (`cnpj`),
  ADD KEY `fornecedor_fk_endereco` (`id_endereco`);

--
-- Indexes for table `funcionario`
--
ALTER TABLE `funcionario`
  ADD PRIMARY KEY (`id_funcionario`),
  ADD KEY `funcionario_fk_pessoa` (`id_pessoa`),
  ADD KEY `funcionario_fk_endereco` (`id_endereco`);

--
-- Indexes for table `pessoa`
--
ALTER TABLE `pessoa`
  ADD PRIMARY KEY (`id_pessoa`),
  ADD KEY `endereco_fk_pessoa` (`id_endereco`);

--
-- Indexes for table `produto`
--
ALTER TABLE `produto`
  ADD PRIMARY KEY (`codigo_de_barras`);

--
-- Indexes for table `referenci_comercial`
--
ALTER TABLE `referenci_comercial`
  ADD PRIMARY KEY (`id_referencia_comercia`);

--
-- Indexes for table `saida_produto`
--
ALTER TABLE `saida_produto`
  ADD PRIMARY KEY (`id_saida`),
  ADD KEY `produto_fk_saida` (`codigo_de_barras`),
  ADD KEY `venda_fk_saida` (`id_venda`);

--
-- Indexes for table `temporary`
--
ALTER TABLE `temporary`
  ADD PRIMARY KEY (`id_emprestimo`),
  ADD KEY `endereco_fk_temporary` (`id_endereco`),
  ADD KEY `cliente_fk_temporary` (`id_cliente`);

--
-- Indexes for table `venda`
--
ALTER TABLE `venda`
  ADD PRIMARY KEY (`id_venda`),
  ADD KEY `venda_fk_cliente` (`id_cliente`),
  ADD KEY `venda_fk_funcionario` (`id_funcionario`);

--
-- AUTO_INCREMENT for dumped tables
--

--
-- AUTO_INCREMENT for table `cliente`
--
ALTER TABLE `cliente`
  MODIFY `id_cliente` int(11) NOT NULL AUTO_INCREMENT, AUTO_INCREMENT=107;

--
-- AUTO_INCREMENT for table `compra`
--
ALTER TABLE `compra`
  MODIFY `id_compra` int(11) NOT NULL AUTO_INCREMENT, AUTO_INCREMENT=43;

--
-- AUTO_INCREMENT for table `emprestimo`
--
ALTER TABLE `emprestimo`
  MODIFY `id_emprestimo` int(11) NOT NULL AUTO_INCREMENT, AUTO_INCREMENT=104;

--
-- AUTO_INCREMENT for table `endereco`
--
ALTER TABLE `endereco`
  MODIFY `id_endereco` int(11) NOT NULL AUTO_INCREMENT, AUTO_INCREMENT=108;

--
-- AUTO_INCREMENT for table `entrada_produto`
--
ALTER TABLE `entrada_produto`
  MODIFY `id_entrada` int(11) NOT NULL AUTO_INCREMENT, AUTO_INCREMENT=121;

--
-- AUTO_INCREMENT for table `funcionario`
--
ALTER TABLE `funcionario`
  MODIFY `id_funcionario` int(11) NOT NULL AUTO_INCREMENT, AUTO_INCREMENT=103;

--
-- AUTO_INCREMENT for table `pessoa`
--
ALTER TABLE `pessoa`
  MODIFY `id_pessoa` int(11) NOT NULL AUTO_INCREMENT, AUTO_INCREMENT=108;

--
-- AUTO_INCREMENT for table `referenci_comercial`
--
ALTER TABLE `referenci_comercial`
  MODIFY `id_referencia_comercia` int(11) NOT NULL AUTO_INCREMENT, AUTO_INCREMENT=107;

--
-- AUTO_INCREMENT for table `saida_produto`
--
ALTER TABLE `saida_produto`
  MODIFY `id_saida` int(11) NOT NULL AUTO_INCREMENT, AUTO_INCREMENT=103;

--
-- AUTO_INCREMENT for table `temporary`
--
ALTER TABLE `temporary`
  MODIFY `id_emprestimo` int(11) NOT NULL AUTO_INCREMENT;

--
-- AUTO_INCREMENT for table `venda`
--
ALTER TABLE `venda`
  MODIFY `id_venda` int(11) NOT NULL AUTO_INCREMENT, AUTO_INCREMENT=105;

--
-- Constraints for dumped tables
--

--
-- Limitadores para a tabela `cliente`
--
ALTER TABLE `cliente`
  ADD CONSTRAINT `cliente_fk_endereco` FOREIGN KEY (`id_cliente`) REFERENCES `endereco` (`id_endereco`) ON DELETE CASCADE ON UPDATE CASCADE,
  ADD CONSTRAINT `cliente_fk_pessoa` FOREIGN KEY (`id_pessoa`) REFERENCES `pessoa` (`id_pessoa`) ON DELETE CASCADE ON UPDATE CASCADE;

--
-- Limitadores para a tabela `compra`
--
ALTER TABLE `compra`
  ADD CONSTRAINT `compra_fk_fornecedor` FOREIGN KEY (`cnpj`) REFERENCES `fornecedor` (`cnpj`) ON DELETE CASCADE ON UPDATE CASCADE;

--
-- Limitadores para a tabela `emprestimo`
--
ALTER TABLE `emprestimo`
  ADD CONSTRAINT `cliente_fk_emprestimo` FOREIGN KEY (`id_cliente`) REFERENCES `cliente` (`id_cliente`) ON DELETE CASCADE ON UPDATE CASCADE,
  ADD CONSTRAINT `endereco_fk_emprestimo` FOREIGN KEY (`id_endereco`) REFERENCES `endereco` (`id_endereco`) ON DELETE CASCADE ON UPDATE CASCADE;

--
-- Limitadores para a tabela `entrada_produto`
--
ALTER TABLE `entrada_produto`
  ADD CONSTRAINT `compra_fk_entrada` FOREIGN KEY (`id_compra`) REFERENCES `compra` (`id_compra`) ON DELETE CASCADE ON UPDATE CASCADE,
  ADD CONSTRAINT `produto_fk_entrada` FOREIGN KEY (`codigo_de_barras`) REFERENCES `produto` (`codigo_de_barras`) ON DELETE CASCADE ON UPDATE CASCADE;

--
-- Limitadores para a tabela `fornecedor`
--
ALTER TABLE `fornecedor`
  ADD CONSTRAINT `fornecedor_fk_endereco` FOREIGN KEY (`id_endereco`) REFERENCES `endereco` (`id_endereco`) ON DELETE CASCADE ON UPDATE CASCADE;

--
-- Limitadores para a tabela `funcionario`
--
ALTER TABLE `funcionario`
  ADD CONSTRAINT `funcionario_fk_endereco` FOREIGN KEY (`id_endereco`) REFERENCES `endereco` (`id_endereco`) ON DELETE CASCADE ON UPDATE CASCADE,
  ADD CONSTRAINT `funcionario_fk_pessoa` FOREIGN KEY (`id_pessoa`) REFERENCES `pessoa` (`id_pessoa`) ON DELETE CASCADE ON UPDATE CASCADE;

--
-- Limitadores para a tabela `pessoa`
--
ALTER TABLE `pessoa`
  ADD CONSTRAINT `endereco_fk_pessoa` FOREIGN KEY (`id_endereco`) REFERENCES `endereco` (`id_endereco`) ON DELETE CASCADE ON UPDATE CASCADE;

--
-- Limitadores para a tabela `saida_produto`
--
ALTER TABLE `saida_produto`
  ADD CONSTRAINT `produto_fk_saida` FOREIGN KEY (`codigo_de_barras`) REFERENCES `produto` (`codigo_de_barras`) ON DELETE CASCADE ON UPDATE CASCADE,
  ADD CONSTRAINT `venda_fk_saida` FOREIGN KEY (`id_venda`) REFERENCES `venda` (`id_venda`) ON DELETE CASCADE ON UPDATE CASCADE;

--
-- Limitadores para a tabela `temporary`
--
ALTER TABLE `temporary`
  ADD CONSTRAINT `cliente_fk_temporary` FOREIGN KEY (`id_cliente`) REFERENCES `cliente` (`id_cliente`) ON DELETE CASCADE ON UPDATE CASCADE,
  ADD CONSTRAINT `endereco_fk_temporary` FOREIGN KEY (`id_endereco`) REFERENCES `endereco` (`id_endereco`) ON DELETE CASCADE ON UPDATE CASCADE;

--
-- Limitadores para a tabela `venda`
--
ALTER TABLE `venda`
  ADD CONSTRAINT `venda_fk_cliente` FOREIGN KEY (`id_cliente`) REFERENCES `cliente` (`id_cliente`) ON DELETE CASCADE ON UPDATE CASCADE,
  ADD CONSTRAINT `venda_fk_funcionario` FOREIGN KEY (`id_funcionario`) REFERENCES `funcionario` (`id_funcionario`) ON DELETE CASCADE ON UPDATE CASCADE;
COMMIT;

/*!40101 SET CHARACTER_SET_CLIENT=@OLD_CHARACTER_SET_CLIENT */;
/*!40101 SET CHARACTER_SET_RESULTS=@OLD_CHARACTER_SET_RESULTS */;
/*!40101 SET COLLATION_CONNECTION=@OLD_COLLATION_CONNECTION */;
